,key,value
0,ChIJHb_kFe_vRxMRG8S48w0l9CA,0
1,ChIJI-Su2mXvRxMRRoZnzUaGzSg,1
2,ChIJ91sMjOvvRxMRT1Tp2d7Q8YI,2
3,ChIJqyFV15bvRxMRQIwEaqmmwbE,3
4,ChIJTYrdj4XvRxMRTFIDvOsHMKw,4
5,ChIJI9RVg9DvRxMRVX-jtm4B6G4,5
6,ChIJERMKz9TvRxMRbA-MqC-E0N4,6
7,ChIJdXpjAfTvRxMR5Zz2Xli_gCk,7
8,ChIJt4BtFevvRxMR5qNM7PFczec,8
9,ChIJaX2XOxTvRxMRrPu4OSK6oLY,9
10,ChIJjYOQssTvRxMRQtd8ybeUZe0,10
11,ChIJg3eTTWHoRxMR-QCAlKgGYgQ,11
12,ChIJs-dTQYTvRxMRbURXTkVq6SY,12
13,ChIJ3byinc_vRxMRohEFFA0fjKI,13
14,ChIJnzuvE4TvRxMRUzUgHiWTBLw,14
15,ChIJGxGqToHvRxMRdjSMtK8bjEI,15
16,ChIJtZnSbYHvRxMRVwYZFBG50Ec,16
17,ChIJVXUxXoTvRxMRyHs5qWtVw8Y,17
18,ChIJOyfm34DvRxMRSF3eUpsZTwU,18
19,ChIJhadb0NjvRxMR18-nUmJfmqw,19
20,ChIJ71A_3oHvRxMRimIgfic9jUw,20
21,ChIJWyuVdn3lRxMRan5DaR3HwwM,21
22,ChIJceokByTlRxMRHfvIVZCf7Wg,22
23,ChIJU7xoyY7xRxMRS3QeMBlG45I,23
24,ChIJfx1avuPlRxMR85gv8r_pJcA,24
25,ChIJN6VTNWflRxMRDqE4XBOgjPU,25
26,ChIJo74AZmflRxMRiz7czLiLwzw,26
27,ChIJGXbtzmLlRxMRL027sNwwaW8,27
28,ChIJa5I7x2DlRxMRoQGbcx71uYE,28
29,ChIJCzQ6H__lRxMR1PNPFXp5Qzc,29
30,ChIJPSiuw2DlRxMRcUHyzNvjI4E,30
31,ChIJk91VPGHlRxMRRclIfagpa8Y,31
32,ChIJvQ57kIvoRxMRzmFo2ieYUDM,32
33,ChIJQWlVV2HlRxMR_pHP3uqfTa4,33
34,ChIJ50rz9GDlRxMRkjzRllYemRw,34
35,ChIJTdJdPmHlRxMRmAgjAr7__Ro,35
36,ChIJTwQBUWHlRxMR-cyQ6dF4sGU,36
37,ChIJA2eLs7DlRxMRDpRs8zrgT9c,37
38,ChIJvzgJri_lRxMR-FsyWhIFgJM,38
39,ChIJE9L2NavlRxMRY9Uf91QiUKM,39
40,ChIJIaLsZmPlRxMRR4aUqSfVSro,40
41,ChIJweopCL_uRxMRoLLviTquEiE,41
42,ChIJKYkQfXXvRxMR0IogF65dosk,42
43,ChIJx1z0YwnvRxMRSgTMPtaNyQI,43
44,ChIJv6M2owXvRxMRWh3UqPgq0fc,44
45,ChIJA2sQgR7vRxMRkHQUKOlI9wI,45
46,ChIJIRJGFRjvRxMR9mEq5A-A3Jk,46
47,ChIJs74OJRzvRxMRdgooD6qX9G8,47
48,ChIJpZcSih7vRxMRQYKFMgIJTYo,48
49,ChIJO-UQ6R7vRxMRTbWWJXCFnuI,49
50,ChIJIbazKRnvRxMRTBtbK_QBD48,50
51,ChIJ_SRsXR7vRxMRtQov2EmvjW8,51
52,ChIJyyA1FB7vRxMRwN99ssLje2Q,52
53,ChIJi0BwSxjvRxMRQ7Bh8ayyz7c,53
54,ChIJI2eWuxbvRxMRo9MUg3H22vQ,54
55,ChIJ-XO2yb3vRxMRXqmYZXb1RW0,55
56,ChIJhYaH0yLvRxMRb1xINJ2c8W0,56
57,ChIJgRyHozzvRxMRuhFmDSUNQKQ,57
58,ChIJ_RJQvT3vRxMRk-FgTzzhLHc,58
59,ChIJy6rV8zzvRxMRJ4MuVWUX3CU,59
60,ChIJFSvyP07vRxMRuflHpb8DMec,60
61,ChIJp_UGT4blRxMR_g8NibCn4UY,61
62,ChIJu0DuUoHlRxMRHJYJIuW8uXY,62
63,ChIJlYg9vCjrRxMRRbzBSpPlM2I,63
64,ChIJD2GjvrnrRxMRmZXwvd0_stU,64
65,ChIJj3aqkSvpRxMRlEi-hMgNtZk,65
66,ChIJt_DDGTDpRxMRcx-Ew0U2PkM,66
67,ChIJIcr4WCHpRxMR3Uw0ruzhkbY,67
68,ChIJj8iuROTpRxMRnoGymIw8OC0,68
69,ChIJNQ2zCVzoRxMRZ9DB_6Qtf3Q,69
70,ChIJo4lKDhvpRxMRKXa6-9AolgQ,70
71,ChIJC1kvNwXpRxMRBm7P2S-qar4,71
72,ChIJW6h5KQXpRxMRhTiczqc5mV0,72
73,ChIJJYRmpAPpRxMRgjKO97IYh6I,73
74,ChIJHQYDZhrpRxMRjUNvIZ1nAEE,74
75,ChIJtXF0_fLpRxMRH77oIGkRoRA,75
76,ChIJi0JxxQTpRxMR3L10xjiaB9o,76
77,ChIJZ5IiSQXpRxMRGr7JfszDthw,77
78,ChIJx48mkwTpRxMRaYmsDNa8OWY,78
79,ChIJSX1_HxvpRxMR69jUJDAcAic,79
80,ChIJMW7VnR3pRxMRRK-V8Pf-eOk,80
81,ChIJw5ZCOAPpRxMRKbBdoMXCtQ4,81
82,ChIJ8Se_lATpRxMRwEKR8An1mMg,82
83,ChIJQ4hZJgXpRxMRPHRoiYhStw8,83
84,ChIJz0AC1EbpRxMRFuUarxCV9oc,84
85,ChIJox98FxvpRxMRUsXx-_UWEZQ,85
86,ChIJ2yfnMNLpRxMR1QIPRhM8Uks,86
87,ChIJSX1_HxvpRxMRh4Y0JDDt4tU,87
88,ChIJBcIi8DbpRxMRIbRF42ozUfo,88
89,ChIJGwgR3ATpRxMRvR8JvCG5j-M,89
90,ChIJn_vbJqzpRxMRYmkUPUR3gvw,90
91,ChIJrzRNzwTpRxMRUxe1-c-mvns,91
92,ChIJCXZHkwTpRxMRmXj5nT22MgM,92
93,ChIJ9ZORKzLvRxMR11x-BrPFjW0,93
94,ChIJ1dUuxUzvRxMRlnKb44OxIUo,94
95,ChIJRw0pOE7vRxMRQjOVoOaXAvY,95
96,ChIJpesJ70zvRxMRUjlYLUn3wf8,96
97,ChIJIWpg2M_pRxMRXSqPP2pm6Ck,97
98,ChIJxx1A7CzvRxMRP-3xBKcFMpg,98
99,ChIJH12QdtfoRxMRxFgqbX78-oc,99
100,ChIJ7691GjPvRxMRp7Esm4dNOj4,100
101,ChIJs6iojrToRxMRR0Ni9SuKlEU,101
102,ChIJEamrAcnoRxMROQilXGIb9pA,102
103,ChIJ_ULcrrHoRxMRvdVDb4yKHmw,103
104,ChIJOxtEsLnpRxMRagUhS8Q2WRU,104
105,ChIJd-it3dnoRxMRVxxrfPSgNQw,105
106,ChIJURFXwTrvRxMRfyZJBVBpfY0,106
107,ChIJl8gcvn3pRxMRb2ZLxeaszoM,107
108,ChIJN1E5ebvoRxMR9lhx6kXcav8,108
109,ChIJCc0Bb7voRxMRdDnEGdf5w8s,109
110,ChIJOQvpNzDpRxMRcv-WwG11eaU,110
111,ChIJRakAXLvoRxMRCLmmziVBz7M,111
112,ChIJmfwoLaPoRxMRnCcMr0gcT0A,112
113,ChIJj-kCB93oRxMRx4xkdXj_n_w,113
114,ChIJL9LEn8LoRxMRTmLcDj4I5Bg,114
115,ChIJyQZAL2LpRxMR6ybdnVGWJ6c,115
116,ChIJraq6-JjoRxMRGqBOSY4meIE,116
117,ChIJI8uyMpjoRxMRIuGh6XjCKMo,117
118,ChIJYSv00ZnoRxMRU9Gul9vQS2Y,118
119,ChIJncs4OXnpRxMRnl6ZO8ZATAQ,119
120,ChIJh-SDOczpRxMRMlxCBdBqClw,120
121,ChIJ6ed0mOXoRxMRu9a8mucRSBU,121
122,ChIJlykR1u_oRxMRlNQDq7LGHyw,122
123,ChIJB4j2WvHoRxMRS1yjvuYwP3A,123
124,ChIJE4r_s-zoRxMRYOXTHZLicwg,124
125,ChIJy8_XMOzoRxMRJj1ZSkXINmc,125
126,ChIJDWA6tO3oRxMR-Jb36jvDYCU,126
127,ChIJAVlbvO3oRxMR-thDmYpzbDY,127
128,ChIJWfOl4-3oRxMRqrnu_xAbDb8,128
129,ChIJ046nmvLoRxMRvE3qD-7_Pc8,129
130,ChIJXdmdSB7pRxMRNFh9YBhwhm0,130
131,ChIJ1_cdnO3oRxMRvP0v6TLwGO0,131
132,ChIJI112ge3oRxMRB-XExcxtzLw,132
133,ChIJK5WdD_LoRxMRn_Xd9T_uU8w,133
134,ChIJ48Rohu3oRxMRbVO1DezKZfw,134
135,ChIJQ5pra-3oRxMRgAarDkyqiqQ,135
136,ChIJf7FnCe7oRxMRRJqTkujXt5M,136
137,ChIJbUzSmZrpRxMRrI_hpNGi5FU,137
138,ChIJ-28rFKvpRxMRCbBy0u5TniA,138
139,ChIJXXBf3YrpRxMRZCi1Ldp4TN4,139
140,ChIJ0-Fxs0rpRxMRXVu2UrLB8Bw,140
141,ChIJw_pwAuLpRxMR-KVkWrh9QOY,141
142,ChIJ05mTkvHoRxMROXdSOpkHVXw,142
143,ChIJnwPRSu3oRxMRODBaW09hVvg,143
144,ChIJtS-7CS7pRxMRCi9SZaRyEBc,144
145,ChIJCyyfAlfpRxMRhY0_7f4pq30,145
146,ChIJFwHu6fLoRxMR66E86Fu2jvw,146
147,ChIJRwnWjmbpRxMRhAARM9SpBFo,147
148,ChIJG3jqt5PoRxMRkjn1VLdQSJc,148
149,ChIJf1oJUpLoRxMRkLp41VzW0x8,149
150,ChIJyTT3UZLoRxMRkLTZrmMtWoE,150
151,ChIJjXT-EZPoRxMR1NsFDO-LCHg,151
152,ChIJoV_bX5PoRxMR9QOvQzHzpbs,152
153,ChIJ419jllHpRxMRgkpilldlPLI,153
154,ChIJDWh4XJPoRxMRU_TCtb5oQW4,154
155,ChIJqwDt7JLoRxMR8rUMvmjaqUM,155
156,ChIJt538v5LoRxMRpMyPbdCcvMM,156
157,ChIJfczNN43oRxMRSUEW32txcOk,157
158,ChIJ2UhzEYDpRxMR3UyCYspCncM,158
159,ChIJWw1caTnqRxMRDD4aKpRY_hY,159
160,ChIJFcBEASTqRxMRNZMJQPHVTXI,160
161,ChIJieYAJMrpRxMRSgA0bTf4q4g,161
162,ChIJCepRKzfpRxMRwjAm8qUtSHs,162
163,ChIJn6K2HnjpRxMRGU5A1-IXirw,163
164,ChIJV5zF1nfpRxMRcjW8io2ASYM,164
165,ChIJL785zwrpRxMRcOLVqRf57-A,165
166,ChIJcZvYn3XpRxMROsT-pWQnYPg,166
167,ChIJtyZJFwXpRxMR_FT_HbPNDxg,167
168,ChIJ6fEDNw_pRxMRlR2-mtfT1HA,168
169,ChIJu_Mo7QjpRxMRQAbjeyWzBeM,169
170,ChIJF1m2_e_pRxMRMDPqGVSpQps,170
171,ChIJLTt6pAPpRxMR7VyffyXHET8,171
172,ChIJlUPDFwLpRxMR0Jf58kg_MF8,172
173,ChIJwxlK_AHpRxMR-9L23bFxyqU,173
174,ChIJJa3PkADpRxMRls4FWw24cOg,174
175,ChIJpzVrjwHpRxMRwNbsaOx4OA8,175
176,ChIJ8zbCeYLpRxMRDXximJVAO4U,176
177,ChIJMS0TlAPpRxMRnTLwEImxJSs,177
178,ChIJYQK5PALpRxMRv0Rh_xtkhVc,178
179,ChIJxRdQIwLpRxMRMz8fKpP1i0Q,179
180,ChIJrZMX-gHpRxMR-bH64woGb4Y,180
181,ChIJYZGt7gHpRxMRPfo9D5Uvhy8,181
182,ChIJwxlK_AHpRxMR3_P_I6od6wI,182
183,ChIJE4jEDP7oRxMRXbO1kadaBOY,183
184,ChIJZ1NKYgDpRxMRSU30zPQMisk,184
185,ChIJX_17AgDpRxMRwTh_JhWqX-E,185
186,ChIJe7NbBgDpRxMRPOxINHjklYE,186
187,ChIJa_sIy2npRxMRBMBGVfNgtjo,187
188,ChIJ_9Jg4_7oRxMRawuTLLeyjr0,188
189,ChIJq-elp__oRxMRlqLH87Qm8QQ,189
190,ChIJAYNc7_7oRxMR5k8xde1kdQ8,190
191,ChIJteLp6IHpRxMRpfsK7ZFv9A8,191
192,ChIJixtR1p3pRxMRIwZoa50GSes,192
193,ChIJ5SvKPl7oRxMRuECQOIrKl4A,193
194,ChIJc7IZuZzpRxMR9FG5DWbDgUk,194
195,ChIJB6b1kJzpRxMRR3DQiOdWB0M,195
196,ChIJexyymZzpRxMRRYdxBmtQrpg,196
197,ChIJ97lalpzpRxMRxTkJdl7dyEk,197
198,ChIJDwizIoPpRxMR_0GJpCAl16A,198
199,ChIJdZSGrJzpRxMRBDk7BmAnVJ4,199
200,ChIJJ1SmNMbpRxMRVbbaaySHyyY,200
201,ChIJnc5guGbpRxMRusLXEZpMnAs,201
202,ChIJ-USbD5zpRxMRHodwreb5keI,202
203,ChIJL-Mnp6DpRxMRRigQ15PV6vQ,203
204,ChIJ9S5C_wnpRxMR0mJNZjVkafE,204
205,ChIJswFPLqjpRxMRObJQgBmYtW4,205
206,ChIJKYj13q7pRxMRO3Wuk-9pMkk,206
207,ChIJI1FNw67pRxMRkbSen7Ef8UM,207
208,ChIJ40vIE6bpRxMRICYraPPr4fg,208
209,ChIJLwVTGqjpRxMRNsZIv4q4xdY,209
210,ChIJkalzmqfpRxMRGadyviC_gi8,210
211,ChIJydCjOK_pRxMRt1akCngn3po,211
212,ChIJsdGtc9PpRxMRBGaoCrHAtTc,212
213,ChIJpbsB3q7pRxMR11TLlVkamnE,213
214,ChIJJS6_AKrpRxMRLQqpaWmYKr4,214
215,ChIJjz7rPivpRxMRFEos-U2g43g,215
216,ChIJF3a3g1ToRxMRt_yxlOqmi5s,216
217,ChIJ2SRk9KrpRxMRo-5ra1H-6Wk,217
218,ChIJ21Xli6rpRxMRXjYNJ4a4W8M,218
219,ChIJWWTV8arpRxMRGTDZjXy595c,219
220,ChIJrVOKLKvpRxMRkUBPZhCM15g,220
221,ChIJrVOKLKvpRxMRx2Do_4n-87U,221
222,ChIJX8qJLqvpRxMRxjBEKVPem3I,222
223,ChIJowvUCWfpRxMR0k7ysGneKds,223
224,ChIJZXqATarpRxMRyTIayx9xIkM,224
225,ChIJN9YgF1XoRxMRCsjELKgSIdc,225
226,ChIJj5czZ1XoRxMR2qgOPArC-No,226
227,ChIJ-dxki__oRxMRsdNKAR51OzY,227
228,ChIJzwbQb6vpRxMR4hH3FbD-uXc,228
229,ChIJ0V73cqvpRxMR2B0iqB6aNHM,229
230,ChIJU70wqFXoRxMRoTRVc9zb84U,230
231,ChIJU1aiqFXoRxMRs3XChyAUwf4,231
232,ChIJASOcqFXoRxMReMHZx9zXHZw,232
233,ChIJCZP3XFPoRxMRUtizfAT3Ksk,233
234,ChIJF1wDXVPoRxMRlcUt-Z3aLA0,234
235,ChIJJYSuCazpRxMRYgzY9Jtxn7g,235
236,ChIJG0wig1PoRxMRW0p93Xlcgps,236
237,ChIJ5V7izVXoRxMRio5gIcdLsGw,237
238,ChIJ7b75Rv_oRxMRrp2UVBvUmw0,238
239,ChIJJ85eY1zpRxMRinKlLYQVUCo,239
240,ChIJ_3Jf7VPoRxMR3AOx2gOvVVc,240
241,ChIJUXZF9q7pRxMRG0AweXeik14,241
242,ChIJ0dvkYPbpRxMRZgUTMJC7OjA,242
243,ChIJmZIb6ZrpRxMR0bm8JT41xJw,243
244,ChIJtUB7j7zpRxMR5MvbSvACgOk,244
245,ChIJ27eN2rrpRxMRMBVsLE_CH_4,245
246,ChIJ-2UUnbHpRxMR5rj2t5AxZLg,246
247,ChIJ9UOIfVLoRxMRqU359wcT508,247
248,ChIJe1kJn7npRxMRYx8dnA2SUTg,248
249,ChIJczLKOYnrRxMRRKM1ULX8vOU,249
250,ChIJv8XEjVHoRxMRilW8HDKpUjY,250
251,ChIJt3FJuk3oRxMRN3G67eu1mw0,251
252,ChIJh-U4CUzoRxMRoZuk655UF4Y,252
253,ChIJN6mzsVLoRxMRyqzkOkOrw1s,253
254,ChIJ8Z-ZkInpRxMR970Bqs4_ZOA,254
255,ChIJQ8EvjXnpRxMR2C8n9ODFvIQ,255
256,ChIJqa7diQLpRxMRMWo0BSDUFkU,256
257,ChIJUfIOf1LoRxMRz_39xFsLgkI,257
258,ChIJa_B6f1LoRxMRJh6dUhzL7wA,258
259,ChIJZ70knU3oRxMRlY0LTWBwhTA,259
260,ChIJjRhsh03oRxMR9xSOHNydTCE,260
261,ChIJ-9RQh03oRxMRf9Xe8R14fJw,261
262,ChIJV-eH8Q3pRxMR-3-BkO3nEOY,262
263,ChIJV385pk3oRxMR69s8RwRqrxI,263
264,ChIJeyv6vU3oRxMRfeJJiQ9e0is,264
265,ChIJWZzLpE3oRxMRK0a-zm7WlLU,265
266,ChIJ8559MALpRxMRkUPc8kLAJf8,266
267,ChIJNThXwk3oRxMR55f5WgHv2T4,267
268,ChIJIzmF4E3oRxMRbqI-j-ktEWA,268
269,ChIJu8lJ4E3oRxMRjIeOJwozawc,269
270,ChIJ8b831FPoRxMR1Wx2TwEGOys,270
271,ChIJfefH1VPoRxMRF0zOv0yrP2M,271
272,ChIJ592NTGXpRxMRPoZyknMT5LE,272
273,ChIJrwdRHk7oRxMRMW44_gUWr5Y,273
274,ChIJ7_bzfkvoRxMRGNjw3aX-bxE,274
275,ChIJL3734lPoRxMRGn1qLLLwqTM,275
276,ChIJAwmNF07oRxMRuC8XCV2HM8M,276
277,ChIJ3TmFomPpRxMRer1LNY8tRio,277
278,ChIJr4R6iUvoRxMRHdXQIhpdd08,278
279,ChIJhe_siUvoRxMRGENit09w77U,279
280,ChIJtxm9eqDpRxMRA08G2q32yPQ,280
281,ChIJx_dTX3vpRxMRi48qSWD2TNA,281
282,ChIJcYXVIk7oRxMRmojnUyOaxQ0,282
283,ChIJQbXqCE3oRxMREVsHzRVyap0,283
284,ChIJAzJ23LLpRxMRJhLmnrAQ_1I,284
285,ChIJWfJg7rnpRxMRXZkAb_QSO6A,285
286,ChIJ79OTzrjpRxMRxJc4u4cBZeo,286
287,ChIJHc2blLfpRxMRbTiBRCxyP5M,287
288,ChIJ1VTclMnpRxMR_3xTDvzsJMI,288
289,ChIJb5NMMrXpRxMRPKu7z58uGbI,289
290,ChIJi3XmGGHoRxMRRnjaiHl8HUE,290
291,ChIJKehlKrXpRxMRqE0N5Kflp3s,291
292,ChIJIQ8bOUroRxMR9tI0zgYoPko,292
293,ChIJcfkcdUvoRxMRg3ND2KnuRN8,293
294,ChIJBX6_MkroRxMRl8yHK_yhGUs,294
295,ChIJf0gqQEroRxMRbD9ITqacDJQ,295
296,ChIJfTBuFEvoRxMRv4SzKiltxqk,296
297,ChIJ_7RzB0voRxMR1XZzQn5WaBE,297
298,ChIJXyUa4_LpRxMRHlgtVQZ3I-o,298
299,ChIJK7vLT0voRxMR_bXBH2tx4SY,299
300,ChIJsQ7wVkroRxMRUY1kveiTdr4,300
301,ChIJp4EX_QDpRxMRbEdbIA0dJMI,301
302,ChIJm4C8ny3pRxMRyG_CMV0paOg,302
303,ChIJubVnnEroRxMRoPb0mAfk4i4,303
304,ChIJ6w20RMrpRxMRbEeLCM3HHn4,304
305,ChIJyVh0oEroRxMRAHYgJ_wXjFU,305
306,ChIJIclmS0noRxMRzW6BU8Eeo5k,306
307,ChIJ3fbs6k7oRxMRanVgiITWu-Q,307
308,ChIJI6xYnpnpRxMRa6SrJVTTK5g,308
309,ChIJzWGdM_joRxMRqg-UzObRXvY,309
310,ChIJ92WN9_foRxMR8PYfoWBrCl0,310
311,ChIJZS2bSvnoRxMRpc5Qqwhto6c,311
312,ChIJkRKIOfnoRxMRMvuA_jZK2nA,312
313,ChIJqZZae0PpRxMR1WSz3NfAIyU,313
314,ChIJ9SqJtv7oRxMRg2XDTSNPTFI,314
315,ChIJmzMfHPnoRxMRqQCMtjTkUVQ,315
316,ChIJeyiyAvnoRxMROIQmfZvAX2c,316
317,ChIJLSLy_fjoRxMRyWGuv2L0HPE,317
318,ChIJy_WLwvjoRxMRfXRf2xnVz8w,318
319,ChIJgVp3vmnpRxMR2B5LsUqt6mc,319
320,ChIJUQ6KwfjoRxMRW-X4bEe2lmw,320
321,ChIJreM5vZ_pRxMRm5FAC53E2A0,321
322,ChIJP2P6I_joRxMRxZzrXU8nApE,322
323,ChIJC8EoR3HpRxMRNFRlUT96zKc,323
324,ChIJhWG3IvjoRxMRege6OXC4l4M,324
325,ChIJM75Ur_joRxMRP3feOQ-aD4s,325
326,ChIJXSPRB_joRxMRioxrDh24Gz4,326
327,ChIJ3cBVqp7pRxMRiE6ZzmXTp50,327
328,ChIJ0cBG__XoRxMRmd8wE-Ohvgw,328
329,ChIJCSM1m_ToRxMRul5ChXZHmns,329
330,ChIJV16YsoroRxMRavAltmFn6f8,330
331,ChIJ_8X__fboRxMRv_MyN9M0xyk,331
332,ChIJUU-LfPHoRxMR2xqZ6iUBPjA,332
333,ChIJy6Pr4vPoRxMRByZPEdUQ3ro,333
334,ChIJjdk1U8npRxMR8TQ-UKw6CFw,334
335,ChIJlfw___PoRxMRgaYDy4A4CCA,335
336,ChIJKS3sWvHoRxMR2SPgtMSuJGo,336
337,ChIJO2ZnVPHoRxMRPz6-Nj4l_Vw,337
338,ChIJhfYOePToRxMRx3-ZPPXFSeI,338
339,ChIJjQq1QPHoRxMReUaqHNCEsnQ,339
340,ChIJmYajC_PoRxMRER7G47FS_8M,340
341,ChIJx4wLjPToRxMRP3aWVrkDSFM,341
342,ChIJJU30XvPoRxMRhExYC9q7VtM,342
343,ChIJ32cgWPToRxMRriP75EQTOnE,343
344,ChIJZRqBN_PoRxMRSI-efHdcwO8,344
345,ChIJKZP_g_boRxMRh4qwsztc2ro,345
346,ChIJZRWn_PToRxMRvJII4Xluu1A,346
347,ChIJJcUiAPXoRxMRaTO26dbY9yw,347
348,ChIJL1Wg5_ToRxMRKq9Tjnl89YU,348
349,ChIJe-NYxPToRxMRHX539alnBdo,349
350,ChIJqXLIyPToRxMRrcwL0Op5kvo,350
351,ChIJw6s8z_ToRxMRdm2styLDC64,351
352,ChIJbdPQ6vXoRxMRIhVjgO4WOSQ,352
353,ChIJ4fyOPtrpRxMRJaZcQtHx600,353
354,ChIJKdP7akvpRxMRRiPk2jsZj78,354
355,ChIJsYOYMPXoRxMRkZDrlW2vLU4,355
356,ChIJFT7lUPboRxMRN48URb7WXHc,356
357,ChIJv--bII3oRxMRIZOE-RGmlJw,357
358,ChIJpahAA6XpRxMRUdTZ9mctR_U,358
359,ChIJ9Z4uAyfpRxMRtML3duRQRUE,359
360,ChIJKyLBE2vpRxMRWXwCv2KT3Ho,360
361,ChIJv4qcFIvoRxMR-MHv_fJhw7Q,361
362,ChIJp7-teozoRxMR-cLtbBTdYb8,362
363,ChIJhzSShYvoRxMRpsvZqfz5yq8,363
364,ChIJJ8nh54zoRxMRxrijj72eXBA,364
365,ChIJgZwFoIvoRxMRQLivo3U99Ek,365
366,ChIJ3T9X8DzpRxMR8qWYIENRoTs,366
367,ChIJI7rvoIvoRxMRBgzioZUFTW0,367
368,ChIJVYMbZIvoRxMRUMY5L-uoroU,368
369,ChIJ3b4MZyvpRxMRc9q04btjTj8,369
370,ChIJzSKyEIroRxMRf4k964YKTZY,370
371,ChIJISi-s53pRxMRKCcDT1XEhuE,371
372,ChIJhyQvaH_pRxMRsSFGc8PK-y0,372
373,ChIJE3DZQoroRxMRvpLBEJoqFX0,373
374,ChIJzXoyZznpRxMRas5DUEUrw5Q,374
375,ChIJveqNC4roRxMRy1e3ZLg_kRU,375
376,ChIJJw1aNWXpRxMR2pnLOSOToGE,376
377,ChIJDRbQZYroRxMR0xIfEoGH1L8,377
378,ChIJRyMZY4roRxMRm3yJN4tvI-Q,378
379,ChIJcX1Z_1noRxMRs2T0wOhkk6M,379
380,ChIJPeNzPFXoRxMRRA5BfQmBhr4,380
381,ChIJDVYkLfboRxMRjl_65pvYihA,381
382,ChIJAQCsLPboRxMRaP0GuPrB0kg,382
383,ChIJjfdMcFroRxMRdBCfzwcCHAk,383
384,ChIJt-pnlljoRxMRJDo02JrHJS0,384
385,ChIJrW_qJPboRxMRkzWzXUZGmzk,385
386,ChIJExC19FjoRxMR1XF5_X07PGQ,386
387,ChIJufNnylfoRxMReUHxzWaPzZc,387
388,ChIJVQIcrpLpRxMRGJpJWqmyFZ4,388
389,ChIJpa-_qVfoRxMR8ojZJIgbLkw,389
390,ChIJp2xFPVboRxMRBh9UZ_NAb58,390
391,ChIJt3YlBlfoRxMREXTvegTrFNM,391
392,ChIJ0zRWCFfoRxMRwGAD1ahi7Bo,392
393,ChIJq_ES91foRxMR-ie0nuTDzeI,393
394,ChIJQVAmIFjoRxMRulGeQPGgpUA,394
395,ChIJpRmCZFfoRxMR4sGoPKnmfwQ,395
396,ChIJJdRI-VXoRxMRgSdGd8c1LQg,396
397,ChIJR8BYIFfoRxMRaQbflDy8hpE,397
398,ChIJ7YGtOVfoRxMRrR6-xeH780Q,398
399,ChIJ9fJ9MlfoRxMRlMLcyDJfKc0,399
400,ChIJDwSY_lnoRxMRwqpWF0cy8Vk,400
401,ChIJLU4--lnoRxMREFhkIiPlzPw,401
402,ChIJ_4fZyVDoRxMRizYYHy5FjkA,402
403,ChIJIU319lnoRxMR98867YUOspc,403
404,ChIJq79X7C7qRxMRYL6R6pej7EY,404
405,ChIJVVVFr1noRxMRLmPIxYzGIA4,405
406,ChIJHW0_jVfoRxMRMtfmwSE1cIc,406
407,ChIJz9MqxffoRxMRQch01E9SZb8,407
408,ChIJHS5xxFDoRxMRcQpmRWRt5go,408
409,ChIJMbhSx1DoRxMRntrioQrQgYA,409
410,ChIJD1TQYVjoRxMRmWchwvdScJQ,410
411,ChIJ-Z3IJFHoRxMRHvdJRBAncG4,411
412,ChIJXeJjE07pRxMRMOT22Ioopc8,412
413,ChIJ41__xl7oRxMREOT_N18IRpU,413
414,ChIJzcszf4roRxMR_Jjqm6T7bUg,414
415,ChIJqQpzu4roRxMRRMGlgnN2f8Y,415
416,ChIJGzsZFWDoRxMRhnvacEePMoY,416
417,ChIJNesBQ2DoRxMR34IhyZzzs9o,417
418,ChIJM4rjRWDoRxMRx-Xzi6Xig54,418
419,ChIJR1tP72DoRxMRfUqHSO1mxdg,419
420,ChIJxxWK6GDoRxMRITvMMuaz1fM,420
421,ChIJUVMQgoroRxMRwYQcnywDPYk,421
422,ChIJYaT0GmHoRxMRtyPa3D0J9Js,422
423,ChIJffCqdGDoRxMRx7j0gSONt4Q,423
424,ChIJ-UJjll_oRxMR0UYRDlAzFRM,424
425,ChIJC4wdEGHoRxMR4bq5N8FSZSc,425
426,ChIJF2BlaULoRxMRp2E-Elkmo1U,426
427,ChIJWY_qA17oRxMR_hB-UZkU7us,427
428,ChIJr7VuBF_oRxMRCCBCRd_FFvk,428
429,ChIJlwj0k2DoRxMRBiv1jB9l1UE,429
430,ChIJy8-Ggl_oRxMRWQzxdzlCk_E,430
431,ChIJQ6KyKGfoRxMRlpdXreECx3c,431
432,ChIJebPq-F3oRxMRl7DaaVvsqrY,432
433,ChIJc-4Cg17oRxMR0p-7H68tuCc,433
434,ChIJU84x6_XoRxMRyinV06rqXA8,434
435,ChIJ-9l5z0npRxMRJfg6Mbsaa7c,435
436,ChIJLx6TVAHpRxMRp9UjQ3syJMg,436
437,ChIJw-bUg_XoRxMRAQlMvp_puCg,437
438,ChIJ5cFFivXoRxMRp4-AUygvCZM,438
439,ChIJ680jkF_oRxMRZvz2O1kr7lA,439
440,ChIJrzDvIV_oRxMRi2jur5ReVYo,440
441,ChIJrzDvIV_oRxMR4Vsiz-IpeDw,441
442,ChIJn7czdl3oRxMRskA5kLIpSEs,442
443,ChIJxY8v3F7oRxMR1TNzlrC-OSA,443
444,ChIJ9fSkk4HpRxMR0oc-BeVAbiw,444
445,ChIJYVjyYPXoRxMRfp3ks-eADL4,445
446,ChIJRRamSWbpRxMRfAyWq5_-dvc,446
447,ChIJq9Dt817oRxMRMW-hoEE9B3U,447
448,ChIJrUYbLvXoRxMRLSfFROqJOjM,448
449,ChIJuwLh7QnpRxMR-ymXXfhNYtc,449
450,ChIJCesyMl7oRxMRZ2PhcRx503o,450
451,ChIJaSki6mHoRxMRtlL5UJe9eUY,451
452,ChIJgcww6l7oRxMRJjI5MyY4QvM,452
453,ChIJ0xtvqHHpRxMRZDvFKoq6Fq0,453
454,ChIJV1OCil7oRxMRGXbBkcc4ltA,454
455,ChIJrbpEoV7oRxMRJvmqupb5Mdg,455
456,ChIJA_uN1V_oRxMRIS9n9VrzfVQ,456
457,ChIJ1SnAOPboRxMRrwv-6DsYtJU,457
458,ChIJNTq34MTpRxMR2D6P4c2MBWI,458
459,ChIJq6p6nljoRxMRgBXHtxU1V0E,459
460,ChIJgTmCKPboRxMRZ9Hho_KZBlc,460
461,ChIJuzTY21joRxMRAJaXYJ-qris,461
462,ChIJeyt7UPXoRxMR5uZ_yj4kRd0,462
463,ChIJS0Z_UvXoRxMR3NHnCXqBEzE,463
464,ChIJHe9IxrXsRxMR4Bg76UDnyY0,464
465,ChIJu1r6_V_oRxMRcHPtjIoGKB0,465
466,ChIJPQJcw1HDRxMRFMgj6n2zxUs,466
467,ChIJ39c1FQDpRxMRzU2iPzokfFU,467
468,ChIJq_mLxIroRxMRbFjivlY1YOU,468
469,ChIJyV17NB3pRxMRzFTdW8zgpxY,469
470,ChIJCWiixIroRxMRxO8jfoznuqU,470
471,ChIJvb5ecGDoRxMRHwdEKKgzf3w,471
472,ChIJreYdb2DoRxMRsPf165atD-8,472
473,ChIJD6rGP2DoRxMR6QvKYTZb9_Y,473
474,ChIJF8nkKGDoRxMRHgoZ7QSnRzM,474
475,ChIJi2kLB1LpRxMRhQ1cEJ7C97I,475
476,ChIJbyGJU1noRxMRwvXXclutmJM,476
477,ChIJfwnjJ1zoRxMRMTufqsHLtOo,477
478,ChIJBSIkPtzpRxMRzACwELWP_Xc,478
479,ChIJkXAF9FvoRxMR7gk_QDXZ2Ww,479
480,ChIJP-FuEo3pRxMR7sn10v_hRYc,480
481,ChIJQ1ikZrbpRxMRBKiOJPLFHMM,481
482,ChIJc-cqh7DpRxMRHlbWhCN5L4w,482
483,ChIJg6gAtcDpRxMReEZUiy4fRvA,483
484,ChIJIUrThmDoRxMRStIjcnleLOg,484
485,ChIJNwuU2rTpRxMR2luZ355zeSE,485
486,ChIJv2r9IV7oRxMRGSlHggNZYPk,486
487,ChIJRRnrhmDoRxMRVYLPlHijJRA,487
488,ChIJL-NAmGDoRxMRbQyUwh22LXk,488
489,ChIJOWbgsbnpRxMR5Ig2Ef4jRzs,489
490,ChIJ9Q2YkmDoRxMRnzUY0GAfw0s,490
491,ChIJVQt68mDoRxMRfJ8Az_8Geuk,491
492,ChIJnwlj9GDoRxMRmkM7Aigj_EM,492
493,ChIJpxn7x5PpRxMRp8VqDNcEhvg,493
494,ChIJLSepuj_qRxMREQU3NpgA03I,494
495,ChIJV6oa1PTpRxMRLsb2xzszwR4,495
496,ChIJkd9lpN7pRxMR0AHmgOtZOu0,496
497,ChIJvZNhRGDoRxMROBprnUiJGT8,497
498,ChIJBbC-DNLpRxMRWk2ZOIjAANU,498
499,ChIJV_OI1MLpRxMRulHVTuAnYgo,499
500,ChIJM_xwgorpRxMRx1zZsd79VA8,500
501,ChIJfapz3V3oRxMR1GTMwOFU5cQ,501
502,ChIJdXqtqgXpRxMR3GM-I3kzlwc,502
503,ChIJ-_lrKmfoRxMRwOldFKBwDjI,503
504,ChIJMXNXKmfoRxMRCPOfQnwIadw,504
505,ChIJr_VzRGHoRxMRljkGJl2lFVE,505
506,ChIJ-QTlcmHoRxMRXMLLpmEH_GM,506
507,ChIJpZxq42HoRxMR9d3sRzJEwMA,507
508,ChIJE7x8bGToRxMR3ESJkY3SgNs,508
509,ChIJcXbxamToRxMRCkA1KqOI1c4,509
510,ChIJyW6qemToRxMRDHUuMHiKMJ4,510
511,ChIJqSAQAGToRxMRPY6GGIynMXk,511
512,ChIJuVwiz2HoRxMRNUgBFXEiyA0,512
513,ChIJF4IS1mHoRxMRGDwrsiC9dEs,513
514,ChIJv2VG3mPoRxMRVaFBGbrbMCU,514
515,ChIJa1ZnNGLoRxMRAwQFB231C2I,515
516,ChIJT5X9mobpRxMRyTPPiqUnEZI,516
517,ChIJL2S0o5fpRxMRJctsLVi58xs,517
518,ChIJidxvuZXpRxMRjy4y6twKclc,518
519,ChIJb1pLSpfpRxMRpCrRu2igJqw,519
520,ChIJ52EN1RvpRxMRih1AZCpqL2s,520
521,ChIJ3dE9-EzpRxMRLR3V6MRRWBU,521
522,ChIJ8ZJxsbLpRxMRlRVaDkCvJX4,522
523,ChIJKYkkoWPoRxMRkJ-i2iY5gRg,523
524,ChIJKbBjoWPoRxMRajLqYNrG2as,524
525,ChIJzaBb_-_pRxMRIZeYjIbzt_I,525
526,ChIJL9D36WHoRxMRslXDQagifyk,526
527,ChIJSeJKiwDpRxMR89evvNdrlBI,527
528,ChIJfdnZ1SbpRxMR0xTuTx_f5kA,528
529,ChIJVQSsbGPoRxMR1BGWyYhte1M,529
530,ChIJ4yD2mmPoRxMRieOPW0jjz1Y,530
531,ChIJS8y_xWHoRxMRlsLvLE0YFiQ,531
532,ChIJf_pBc2HoRxMRwrbn8KhOGpg,532
533,ChIJ-RtyYLvpRxMRWkn4vCMderA,533
534,ChIJ7R5RbGHoRxMRQw2oO-NttT4,534
535,ChIJUe8VQ4roRxMRvPQrKW9Vcp8,535
536,ChIJcanpforoRxMR8WHWd0-iA9E,536
537,ChIJpx2goGHoRxMRMTvLVK9gpao,537
538,ChIJOZajc9vpRxMRtM0OZig5nyc,538
539,ChIJUeaCforoRxMRn4LjdIq2buw,539
540,ChIJ_60ofIroRxMRsdWWdF6TsVs,540
541,ChIJkVNGy2HoRxMR8T4IWKDt8Ag,541
542,ChIJ499pTWDoRxMR0qLfAYgPuIw,542
543,ChIJXekSNH3oRxMRhxJoVwDxU9k,543
544,ChIJnT20R2HoRxMR-f8DcXDpvi8,544
545,ChIJNzkuourpRxMRfvuwlbL-w8c,545
546,ChIJk6-KQWHoRxMRvuTSEXQ13yg,546
547,ChIJER6IRWHoRxMRuKgjkd40A20,547
548,ChIJAXkdQmHoRxMReGfuKct6qvg,548
549,ChIJrxp1RGHoRxMRRCdKZ_dNZt0,549
550,ChIJL36tgc_pRxMRxoYfxvLsCNs,550
551,ChIJpw7b-33pRxMRobjafoSDwGc,551
552,ChIJSb_0GmHoRxMRk3HfxOxFa7Q,552
553,ChIJdU2tT2HoRxMR_i1naNGLYM0,553
554,ChIJo-0EOGHoRxMRszAju38sgEs,554
555,ChIJF6EuTmHoRxMRf9ADuyn_VEA,555
556,ChIJWwbDN2HoRxMRfR701AihY3E,556
557,ChIJVz8deKbpRxMRb9DokKWCMjc,557
558,ChIJiQA_TGHoRxMR4z5AJx0bzao,558
559,ChIJ0QX6yuDpRxMRom4LcXbQSH4,559
560,ChIJd1qZrGboRxMRrXdyBWRi2JE,560
561,ChIJU1P_u0npRxMRpmtPTYvfQmY,561
562,ChIJnXXE8QbpRxMRbR4Jh5aTsiM,562
563,ChIJP2wTiSnpRxMR_e0sWR8xlT8,563
564,ChIJIaKpznzoRxMRErMNfol5Rv8,564
565,ChIJcVW-e2ToRxMRLSHp55UB38E,565
566,ChIJha4UKWHoRxMRVPVjm8FZJVs,566
567,ChIJedw8sWboRxMRtdHjkLWO7Uk,567
568,ChIJD75huWboRxMRBQFyur_v5m8,568
569,ChIJ13Dkun3pRxMRs5YYc_Ss8oU,569
570,ChIJbQRC2xHpRxMR0CfPfWpW1Ro,570
571,ChIJP4fxtJvpRxMRj4yqnutGp40,571
572,ChIJndcOmW_pRxMRfNxFivXGCMo,572
573,ChIJv0oGe2ToRxMRrLRSnmq5GUk,573
574,ChIJe2QNC2ToRxMRgzS_xen89pg,574
575,ChIJn7eoIebpRxMRm_uuAQLJ0oA,575
576,ChIJgSz48R7pRxMRSIXS6w-jbso,576
577,ChIJhxaWDWToRxMRQ0TbwzFpML0,577
578,ChIJMQ1BWlzpRxMRZ_ZUVQ3SMIA,578
579,ChIJodVciorpRxMRGrrEVJHgYb4,579
580,ChIJ-drY6X3oRxMRd7nFNChyjMA,580
581,ChIJ43yBz33oRxMRpNoph7Kq3BI,581
582,ChIJCapev_foRxMRuaCW6djlRw0,582
583,ChIJVU1HI07oRxMRwWg6bzQ-Oy0,583
584,ChIJYTBxT0ToRxMRjTnRnKl72mE,584
585,ChIJ6Q5LSkToRxMRzUfgpaGgCEI,585
586,ChIJKy8D1lHoRxMR3fblLbTdyVc,586
587,ChIJQ-rMS1npRxMREqDAJqs5aos,587
588,ChIJPRJmmT_pRxMRFIcXl2kgx54,588
589,ChIJ0Y3T2QvpRxMRSfVenQo_NAs,589
590,ChIJc-xhuMvpRxMRcmjq9uL65Gk,590
591,ChIJiReeilDoRxMRi2_Dq4_C5n0,591
592,ChIJ04NTfbbpRxMRo10yhCyMBWU,592
593,ChIJneWcVlDoRxMRr1640z1XkG0,593
594,ChIJa6oPKFDoRxMRhCUTv0_B5o8,594
595,ChIJU0LIyR3pRxMRW2PgLHIvHrs,595
596,ChIJuXef_1DoRxMRUrrq_LOERjA,596
597,ChIJn4HTxoDpRxMRFAlIpbYRweM,597
598,ChIJi-hyfVroRxMRtU7zPaD2f5M,598
599,ChIJ-wnQzODpRxMRzSLuOdDIVPA,599
600,ChIJcek41FHoRxMRVHFkM_fTD-Y,600
601,ChIJFaJqvDDpRxMRaReu5HBZZgE,601
602,ChIJKcDdKk7oRxMRhHK01ACAXuE,602
603,ChIJYTR4z1roRxMRdeBq-8mET14,603
604,ChIJj8xE2VroRxMRHmzRUXzYgMs,604
605,ChIJlSF6aYzpRxMRyurh7QOCRa8,605
606,ChIJDyAOdEnpRxMRdqtnszbWPlM,606
607,ChIJH2wE1VroRxMRm9kEg45qnMw,607
608,ChIJQ4pdSZ3pRxMRehnHmsih4uY,608
609,ChIJ0cM1iB3pRxMRErREwkxK0gI,609
610,ChIJSY_iV13pRxMRNrCJcioZhJU,610
611,ChIJYzR3UFroRxMRP1axV06PXN8,611
612,ChIJybH96GjpRxMRrxay79MMORM,612
613,ChIJfX_mq0_oRxMRPP59bh01DL0,613
614,ChIJJdsUvVvoRxMRkCJgw4MO0Z4,614
615,ChIJ-Qb7E1voRxMR9bA61ReRqRk,615
616,ChIJ75LyyVvoRxMRYrzz55eyOaE,616
617,ChIJTe3IyVvoRxMRVc1dibE8lTk,617
618,ChIJwyvB_0ToRxMRSAcAUsCpqXM,618
619,ChIJX3ycv0ToRxMR67uoiFprZYI,619
620,ChIJoVStIEXoRxMRdZGDNmb6lHo,620
621,ChIJFdZefcjpRxMRe4rjLcSNNM8,621
622,ChIJLa-cTFvoRxMReG0fRKMIs4g,622
623,ChIJVdFHkmHpRxMRuwpXuX1jjz4,623
624,ChIJqSAhskToRxMR9NKClytckZk,624
625,ChIJVxwDOW7pRxMRIR1FOWjDPC0,625
626,ChIJD5P4oEToRxMRDZMYSTqu3Pc,626
627,ChIJC-LxqkToRxMRBNM0OYlh4rY,627
628,ChIJna08HkPoRxMR6sldVzoDJ4o,628
629,ChIJq0noHkLoRxMRkIrC6UbIzIM,629
630,ChIJKwTQL13oRxMRpF_BZ8o3ieg,630
631,ChIJe_ni82foRxMR5w_y-n-uqv0,631
632,ChIJXfKvnELoRxMRDvwm6cDqLu0,632
633,ChIJlevsxGfoRxMRHiopQx0LtKo,633
634,ChIJe2MMt2foRxMR895LGKO2ROM,634
635,ChIJ6XhormfoRxMRGAz4OYku31U,635
636,ChIJudhxT0LoRxMREW-2J4Lcr1g,636
637,ChIJ0zhWTGboRxMRqxEidLtKspQ,637
638,ChIJTzl3E0LoRxMRHpsgwN2i7kA,638
639,ChIJMYB952foRxMR5zk8Fed1lPA,639
640,ChIJpycg8kHoRxMRTVofwIVKZSI,640
641,ChIJD0CtaUPoRxMRhniEf9A4kLA,641
642,ChIJbfqFSF3oRxMRFzA56Swnsgo,642
643,ChIJS5yLHODpRxMRS3ANSGpAotA,643
644,ChIJSyMfB13oRxMRqJCwq1AucGs,644
645,ChIJhVS3pV3oRxMRfdCC-aMyD00,645
646,ChIJG6WCTF3oRxMROWc7laJDTX8,646
647,ChIJ47SsWd3pRxMRNVbiGGQJd6I,647
648,ChIJVUMwz0LoRxMR3RWgZ_wlNWA,648
649,ChIJYzy0sF3oRxMRajXihD2zBkE,649
650,ChIJK2hstF3oRxMRXOVSh_m9v_0,650
651,ChIJ0eumYNfpRxMRHIHiswLw00w,651
652,ChIJ5U3_-2foRxMRASXHBnPbA9s,652
653,ChIJOZDW82foRxMRNLBCCOrw1do,653
654,ChIJayiy72foRxMRamT9HlUcZRM,654
655,ChIJ20lXkGfoRxMRzGFvwAAma20,655
656,ChIJl4D16l3oRxMRy7bx8SYcg9M,656
657,ChIJD0myl0LoRxMRDukQzoaXLN8,657
658,ChIJhQ4gl1zoRxMRSQCy34IGxSo,658
659,ChIJqUgnnELoRxMRPYpPeEE-ABI,659
660,ChIJ361zmULoRxMRrTox572R4vg,660
661,ChIJd4_TwPTpRxMRogMnkm70dYQ,661
662,ChIJ_QnqqRrpRxMR1Mip_B7cVXI,662
663,ChIJId1YN0PoRxMRgmAcbY9yEzo,663
664,ChIJLR1snELoRxMRW-IJQiG97fk,664
665,ChIJldSB6GfoRxMR5zD_wu7Mg_k,665
666,ChIJW9e3EsvpRxMRsbFkMDsUVlM,666
667,ChIJtZUgo2foRxMRQ3sG6CJshn8,667
668,ChIJQ4yZamjoRxMRGeJHFMYNJXQ,668
669,ChIJO5wuHCfpRxMRS3OBLsousa8,669
670,ChIJpTPNyGfoRxMRxLCM2uP2uac,670
671,ChIJB2HAvP_pRxMRJFPYp1nus4w,671
672,ChIJqTiU7VvoRxMR6NufsiETyn0,672
673,ChIJrWqh8lvoRxMR6vruMs6onGI,673
674,ChIJMX2dDWfoRxMRrs-DZW2FJGo,674
675,ChIJdfnAk5fpRxMRJnFf_PLr4gE,675
676,ChIJJWBYtyrpRxMRQmEL_C1gPVM,676
677,ChIJgec1U2boRxMRyQJszvoHVn4,677
678,ChIJfVa3qmfoRxMR5rRHY1XT7Ek,678
679,ChIJ_xCD2QPpRxMRi_UwD5rUAmk,679
680,ChIJm24M5iPpRxMRoTUXrJfGPtg,680
681,ChIJayH2TGboRxMRB05Qog8UBLw,681
682,ChIJ9SxqiPnpRxMRuF625dSHB6I,682
683,ChIJx1284tLpRxMRfV8S4wDyA2w,683
684,ChIJPW0kTGboRxMRxLYjxb2r1M0,684
685,ChIJ8UF8NFzpRxMRtVAhRrPw4hI,685
686,ChIJtST_UGboRxMRXwcF23YL7sE,686
687,ChIJ9W3szmfoRxMReODJ8OczRS0,687
688,ChIJ7_anNmboRxMRUbFzpJuA4iY,688
689,ChIJ95yNTmboRxMR6i0ks7W8TDA,689
690,ChIJ-SoeUFHpRxMRBDcAGS6g1KM,690
691,ChIJkYIBW0XoRxMRzdo56LWHNGQ,691
692,ChIJ8fJdFnHpRxMRjsb5glp-EmM,692
693,ChIJZ8PZ1WfoRxMRGNFDsX67Vv4,693
694,ChIJmfJ9kK3pRxMRsXghF0VXBBI,694
695,ChIJ3Ui8CB3pRxMRSsc94sk_s_I,695
696,ChIJsT96bkLoRxMRjv0pQkw9POY,696
697,ChIJLy59amToRxMRndhQz0glqQA,697
698,ChIJTxw6RmToRxMR-8pYmBH55mI,698
699,ChIJHe9Oa2ToRxMR5R-i2nU43cU,699
700,ChIJBawRON7pRxMRurOKBzNeeHQ,700
701,ChIJO9w5amToRxMR1ozmLTff3ns,701
702,ChIJ19mHsMPpRxMRo9eaZJ-Ve-Q,702
703,ChIJRUFW5IPpRxMRqN9HuhWriNo,703
704,ChIJkV0Na2ToRxMR1QWhYdJsz8s,704
705,ChIJx6QmJWDyRxMRgpG6iWFaLww,705
706,ChIJ_d51DmToRxMRUR7Dizh3KbQ,706
707,ChIJAbmrHmToRxMRRidUMXWUHY0,707
708,ChIJIyvUZWboRxMRFpEI5kHlqOs,708
709,ChIJMygFzkXpRxMRQbIfk3MO_Zs,709
710,ChIJVVVoD2ToRxMRfRAp3kaAckc,710
711,ChIJhxaWDWToRxMR9r5MosaPJI4,711
712,ChIJxSsbdxPpRxMRlVbuhizh8Vw,712
713,ChIJb9OIHWToRxMRolVRn_rIBgo,713
714,ChIJe1OeCUboRxMRLzZPsLHvCF8,714
715,ChIJR-KZ60joRxMRvIEY69S7deI,715
716,ChIJRSiP1ZLpRxMRXUIHKCwh0as,716
717,ChIJB_YCRqbpRxMRBhi4ppR9VAI,717
718,ChIJY2zrbTjoRxMRXeQ7WSMAS78,718
719,ChIJbVp4OkDoRxMRuDrubqcJtrQ,719
720,ChIJX5BT4EHoRxMRVGT9123ZRSg,720
721,ChIJyy9LkkHoRxMRsiIAPTiPBQ4,721
722,ChIJx0-nvkHoRxMR0TESuN1kD3I,722
723,ChIJRe6TI0zpRxMRH8KlRa8XUPE,723
724,ChIJ10cHGkLoRxMRoeMTo6QJX-Y,724
725,ChIJJeekdUHoRxMR_VDz3UgrUl8,725
726,ChIJy56bdkHoRxMRxcXe_V_3jWk,726
727,ChIJIxjg9HDpRxMRzmKA9foddYs,727
728,ChIJIVgCFEDoRxMRPgaLdJ-P5rA,728
729,ChIJM_y2YEDoRxMRpfdFFpMEGA8,729
730,ChIJEaqTCJPpRxMRZBVezrObxEc,730
731,ChIJo0nCqd3pRxMRbRtGbGz1h8w,731
732,ChIJqXqk8j_oRxMRS5_bMoNhX9c,732
733,ChIJ838z2Z_pRxMRd1rPpoZZygc,733
734,ChIJp3Ls6j_oRxMR4ItEv8WteJA,734
735,ChIJgRTjjifoRxMR9svlJwFkrc0,735
736,ChIJW062mT_oRxMRaWs3wxP0haU,736
737,ChIJpXhzcz_oRxMR_yXvJEf3ktY,737
738,ChIJtYSaDT_oRxMRpiDbZHnuR7Y,738
739,ChIJwULhtT7oRxMRAja-2HaUEME,739
740,ChIJjebEcTzoRxMROf3fiH0UVY8,740
741,ChIJ3VGdHzroRxMRvanYhCnuyPY,741
742,ChIJTWlYaDnoRxMRmi5fqkV4zzs,742
743,ChIJGTjZGzroRxMRMhq5e7EyUzo,743
744,ChIJwwzywjvoRxMR_lqBak4cI8U,744
745,ChIJEVQVXjnoRxMRt55WRr8LL8M,745
746,ChIJ04OO4z7oRxMR74waFbAvRHg,746
747,ChIJrYoHwcLpRxMRTR5EqJGb1Dw,747
748,ChIJLYAKtj7oRxMRdJ0nceU72Ko,748
749,ChIJu1sWmJvpRxMR21UciHccjEY,749
750,ChIJyeZUcC_oRxMR5Gnp_Opxkuw,750
751,ChIJqz2N-f3pRxMRgEfVD_4n9Wo,751
752,ChIJM-yftGfpRxMRN26EJ9qcYIM,752
753,ChIJ-Rh79_3pRxMRYd-FEpRgTrs,753
754,ChIJSZnPgCrDRxMR3QextMV3Ays,754
755,ChIJVc5NPQfCRxMRY-xwAZqDIqs,755
756,ChIJeU9ardnDRxMRmd6wGRXNBRc,756
757,ChIJ2UYI7AbCRxMRr2Csctei3UM,757
758,ChIJ1SunewbCRxMRoJIOFSxeAto,758
759,ChIJK24kQojuRxMRJtCCjItPIoo,759
760,ChIJM9gSMyjoRxMRQ_iBAY6RTjk,760
761,ChIJZdiMbCjoRxMRoAGSoKH6Bcg,761
762,ChIJNaGEQ4XCRxMRPJ3XMriSloU,762
763,ChIJO2VnRZvCRxMRC4Uh9UUisNs,763
764,ChIJU72nsRTCRxMRhgtzvDHSQOw,764
765,ChIJKwsA97TDRxMR8sNuLdbI-Ik,765
766,ChIJ9we0bRTCRxMReEtNJoeIcRU,766
767,ChIJqbLBpe_CRxMRYR-NAOsMc2I,767
768,ChIJU7-b-jPDRxMR4DmCBZDy0HI,768
769,ChIJA_Getp_CRxMRVnd9ZZ_qm90,769
770,ChIJa3SWyZ_CRxMRLwKMbxTU8vE,770
771,ChIJYQREHBvCRxMR9-g2nz4c9ZU,771
772,ChIJwWktUyzDRxMRU8fYEnfBJus,772
773,ChIJX3LCV3nDRxMRcSutsVATeBw,773
774,ChIJb7HfYwPDRxMRj47JvB0mhDM,774
775,ChIJqZ1wyXLDRxMRiXG6dpOHscs,775
776,ChIJ603XFdHDRxMR2tE_ifbRTfQ,776
777,ChIJIVp_OUrDRxMR8tGEv7MOyFI,777
778,ChIJpQY-RXnDRxMRzOshyuY8OFY,778
779,ChIJ12rMbHnDRxMRN7zb2vDN1ew,779
780,ChIJ20vjEXnDRxMRCPq19Q1uEpw,780
781,ChIJv6-BIuq2RxMRPHXXpxoFWws,781
782,ChIJ4WX3WnnDRxMRrLbFm1Ycfjs,782
783,ChIJ011nCEnDRxMRLJCqeZPi_bs,783
784,ChIJObEXgd3DRxMR8GDeKg3W_s4,784
785,ChIJg-_7VXnDRxMROOuF7u66yak,785
786,ChIJgwy3S3nDRxMRFdgeCXSdCWQ,786
787,ChIJ1VTKrH7DRxMRKFR5p7U1s6w,787
788,ChIJidcA_QzDRxMR276nUJm2dwc,788
789,ChIJ6W4nSXnDRxMRLfNDNES60hY,789
790,ChIJOzz4UXnDRxMRl2940q6YdPM,790
791,ChIJz2-uDnzDRxMR86X0ee4Hax4,791
792,ChIJ_asfMXzDRxMRqUKzDigACco,792
793,ChIJMbzKYCjDRxMRomxAPYuUZzM,793
794,ChIJZSYVAX7DRxMRlrtDNHlYFm4,794
795,ChIJKYURUmHFRxMRqQSFD9bW6uo,795
796,ChIJmbYBv4vERxMR_GzoopWoXT8,796
797,ChIJhR_rcQnvRxMRq5OCR2UyfzE,797
798,ChIJg2TLoIPvRxMRlLSRrF-LXw8,798
799,ChIJWd1sEzXvRxMR0fGm6R9n2ZY,799
800,ChIJ3_EAE4TvRxMRGpljoB93URQ,800
801,ChIJTcAlKIHvRxMRvJ6Z9V1CGL4,801
802,ChIJv0aHTn7lRxMRaAZ_Hn_2RA0,802
803,ChIJ-0HQ8WDlRxMRs8j8qLISsAw,803
804,ChIJM1lmj2DlRxMR9FUIRo11wb0,804
805,ChIJiRPrjmDlRxMRWWZoHsjlQRM,805
806,ChIJ2y3HPWHlRxMRMQuoe8ywp9U,806
807,ChIJI4AaVGHlRxMR3EhIKJaVNYo,807
808,ChIJWfRHNxzvRxMRT6_nQyRjYbQ,808
809,ChIJYatM5fzvRxMRKN6scceZNIw,809
810,ChIJs4X_Xx7vRxMRDpx1dHTvzeo,810
811,ChIJnb00kB7vRxMRWWKc_kgE9Z8,811
812,ChIJPwe3MjnvRxMRvprkXlMliNU,812
813,ChIJl32KTevvRxMRXOAQnij1yPk,813
814,ChIJ7wrZ57nrRxMRZvpNw6G0AWU,814
815,ChIJW8MpgHrpRxMR7RpVU3DMYIE,815
816,ChIJGxjeOgXpRxMRji49AcVWg7g,816
817,ChIJSddKuhvvRxMReIpi20ML4gI,817
818,ChIJrbwkR7LoRxMR4w2Zgy5OXDw,818
819,ChIJ7VD0ErHoRxMRDHYMSh-8VNc,819
820,ChIJj3YN1NzoRxMRZxGHStHK0n8,820
821,ChIJo9BDNu3oRxMRhKdzR-J_H_k,821
822,ChIJWbGlNuzoRxMRlSDCNwjU0zw,822
823,ChIJb0HaC-7oRxMR3VLFGQgkwws,823
824,ChIJdWF3lu3oRxMR8uFEFgtFGTo,824
825,ChIJH1C0-e3oRxMRxykZVBtJnVA,825
826,ChIJLdEYePLoRxMRONrY6ipD3KI,826
827,ChIJRZD0p_LoRxMRVGPoSYPBfj8,827
828,ChIJoWtwypLoRxMR54JMaYf76uY,828
829,ChIJU7qiSvLoRxMRu4xu9WLzhCQ,829
830,ChIJ73XnePHoRxMRTLfS0gNuKOw,830
831,ChIJt8rYXYvoRxMRIce3m5ZNbmo,831
832,ChIJlZMSr5PoRxMRF38Ld-dNON4,832
833,ChIJl2zmBJPoRxMRJH7xHRSmmcQ,833
834,ChIJF6-w2mzpRxMRpdNmxYxkfV0,834
835,ChIJHUkdjirqRxMRxWsCfc-oQaM,835
836,ChIJU2h2X5LoRxMR0ImpsbhuRAY,836
837,ChIJf-mV65LoRxMRtc39J7ewPX8,837
838,ChIJba-CHtPrRxMRCB0bbajYXkM,838
839,ChIJ48yjEITrRxMRO-YaAjiM7Oc,839
840,ChIJe5JI-nfpRxMRKxvFyZ5HRFw,840
841,ChIJreI8_dLpRxMRq5wcfngnuQA,841
842,ChIJz-USlgjpRxMRPe5Y60Qwd58,842
843,ChIJWyar3QjpRxMRS29iBVfZalk,843
844,ChIJZ9HwIwDpRxMRz25uMezSj9Q,844
845,ChIJ6Yeo_QHpRxMRZMy9pHDseo4,845
846,ChIJs4hGSf7oRxMRkcO70Z4jxpE,846
847,ChIJS38g9mzpRxMRsPzL1uE559M,847
848,ChIJ3bVS7KrpRxMRLbU9oJel7EM,848
849,ChIJW6r9uKrpRxMRAGYOaxNUJTQ,849
850,ChIJy02OOWPpRxMRhFPIIh_jOO0,850
851,ChIJH-YB4YDpRxMRKLOxyCZG7zc,851
852,ChIJUdA01grpRxMRVWVUSXG65nU,852
853,ChIJsxa-uYTpRxMRZoUee36vbGQ,853
854,ChIJtX57OZvpRxMRc0xPC-23JMs,854
855,ChIJa2s7GZvpRxMRiaU5zMJKKpQ,855
856,ChIJG6DIBFXoRxMR9BKJDdqiHOg,856
857,ChIJrwl2wqrpRxMR0ocMQc3R1WI,857
858,ChIJrVOKLKvpRxMRRbnb2dvP0vE,858
859,ChIJjxVfPFXoRxMR-EtTB4hodU4,859
860,ChIJJansJCXpRxMRsz0bTZYsz6U,860
861,ChIJO_rkXVXoRxMRaCesph2OH8g,861
862,ChIJJadfEFXoRxMRq0h-TR83J0A,862
863,ChIJxVEinazpRxMRWXeQVSXVIX0,863
864,ChIJ2ZFQfavpRxMRDn0zkMLEhMQ,864
865,ChIJN8uft7XpRxMRqbH55v4JtIQ,865
866,ChIJw5ryXFPoRxMRzl77Jun7TNs,866
867,ChIJDQXzG__oRxMR0pwUqSZKRFQ,867
868,ChIJ-1doaUHpRxMR1zCxxJUZnKI,868
869,ChIJubqhpk7oRxMRMMdsZeheNCs,869
870,ChIJZ7TvnE3oRxMRx_URdbWdqQM,870
871,ChIJ10UOivjpRxMR1QIgx-Fdj38,871
872,ChIJvdKKvk3oRxMRwmYUxW0JJsA,872
873,ChIJp4ZCi3vpRxMRkMF1yb0RZMM,873
874,ChIJnadQCk7oRxMR2bODzphX6ZA,874
875,ChIJ-zFLZHvpRxMRUU57VENhpok,875
876,ChIJa0AUnVHoRxMRYY8o3MU7wQ8,876
877,ChIJIzkVV8PpRxMROaR7wnu8J1I,877
878,ChIJIbG4IxnpRxMR1J6yvqlvyjw,878
879,ChIJVTR4hkvoRxMRzr2AAw4CTyk,879
880,ChIJTzdDyMnpRxMRslj5ojnTlIg,880
881,ChIJCQMVs07oRxMR7OYbF55gaSA,881
882,ChIJnT3XBkvoRxMRqS_cKJg_Ldo,882
883,ChIJCWHIggjpRxMRVakLkEjEwA4,883
884,ChIJy4BJ1FfoRxMRuE4Fa8gUXlE,884
885,ChIJ04fK4fjoRxMRFRUJeenbtes,885
886,ChIJ47PJI_joRxMRqle9ouzn21E,886
887,ChIJexCFW-TpRxMRhyTdjRMxChs,887
888,ChIJu5Yid_foRxMRm3SuckuWgkM,888
889,ChIJL34ry4zoRxMRxEZwM55i_EI,889
890,ChIJtxMY_PPoRxMRsx2NE6MmW-w,890
891,ChIJXz23i_PoRxMR0e7EzQ8Sa08,891
892,ChIJrZAmovPoRxMRKPTehASI3Dc,892
893,ChIJs_j_efToRxMR7G5d7g4cmvI,893
894,ChIJhf3Qf_PoRxMRlKUstAEVnFA,894
895,ChIJ72zJePPoRxMRKn47HB3oUR4,895
896,ChIJbRM1ZfPoRxMRKWGDvanRyGU,896
897,ChIJOX3GYvToRxMRe2p9bkZ5t9g,897
898,ChIJg428Y_ToRxMR8t-YzHs1AzA,898
899,ChIJt9LTPPToRxMRF2tBEIfepQQ,899
900,ChIJr2Qa8_ToRxMR9YSuzuBjMkY,900
901,ChIJR3ylsPToRxMRko3YYOapWcQ,901
902,ChIJoYVAwvToRxMRf6XPoB4Snmk,902
903,ChIJldtGqfToRxMRJA9tI4tKO-I,903
904,ChIJT1tExfToRxMR84cCRtxJ9Gg,904
905,ChIJO9YqtvToRxMR1XW0UOLehI8,905
906,ChIJLVfKyozoRxMRjrmnw_-RRU4,906
907,ChIJaVbUyfToRxMRtBI6Kb-0bpE,907
908,ChIJG-akHPXoRxMR9KW2OdTbmF0,908
909,ChIJLQqKzozoRxMRK5e7qM46Nao,909
910,ChIJ4SC-lPXoRxMRc1xRN7gJQxU,910
911,ChIJRWzUXYvoRxMR_EElLdxHQYM,911
912,ChIJPXoRlYzoRxMRZMcx-ORu0ds,912
913,ChIJLwP1lozoRxMRunKsGIzDUSg,913
914,ChIJpauAePXoRxMRD62grYEsrhk,914
915,ChIJceJsII3oRxMR8H5OpVFnNNQ,915
916,ChIJIREcUvXoRxMRMmOQyd1imVQ,916
917,ChIJG059vYvoRxMR6o3e2vV4-Ow,917
918,ChIJeXGMVIzoRxMRZfs1VIBri9I,918
919,ChIJVZYS9MvpRxMRjPd7uh3tKCM,919
920,ChIJCeQEkIvoRxMRp_RON-E5i18,920
921,ChIJsYiZgYvoRxMRHgA8O4SycvE,921
922,ChIJ15JflYvoRxMR9vKys-gZiRQ,922
923,ChIJ80siQ4roRxMRofqDvK553G8,923
924,ChIJMTg8JFHoRxMRi5wQEYGItCA,924
925,ChIJUQRIL_boRxMRd_Q8B0MKiy8,925
926,ChIJUQ_GB1foRxMR21t5u14RwYg,926
927,ChIJ2aLEDFfoRxMRRWeVJKBB_BA,927
928,ChIJgxC94sLpRxMR_V3aYcm8MZA,928
929,ChIJQ15_81boRxMRSoNvTamcQRA,929
930,ChIJrfG4H1foRxMRgnNxhKRgWlA,930
931,ChIJiZzqIFfoRxMRVNKUZRQIOfQ,931
932,ChIJu3ZtwVboRxMRGCS3Gxlsm-s,932
933,ChIJY0-0OlfoRxMRarW47pwm3z4,933
934,ChIJm5YHrlnoRxMRA0vlJc6lUuE,934
935,ChIJA0NSo1DoRxMRfx1PsZqopAk,935
936,ChIJYXMZBVnoRxMR3zI4l_HMeRw,936
937,ChIJJTTyPlroRxMRqfZ4ggJGD4A,937
938,ChIJ2zGEZUPoRxMRXcOfCEjdGpo,938
939,ChIJjcqPI-XpRxMRaNPrbghkdAE,939
940,ChIJV1kkJvboRxMRy07ltunuSMk,940
941,ChIJx-FXXGDoRxMRO2jqTa48J2U,941
942,ChIJ9zSBTGDoRxMR7joau2FqApA,942
943,ChIJ3QYSqmHoRxMROPKuuRF2yB8,943
944,ChIJj6l51l3oRxMRUds4e2JESQs,944
945,ChIJ3YxbDmfoRxMRNnbHTtGnCRQ,945
946,ChIJW64wE1_oRxMRMpjXUkW-fJw,946
947,ChIJA339RF_oRxMR_tJmqfJbbBA,947
948,ChIJW8N50F_oRxMREu0z_3HhNFk,948
949,ChIJla5f9l7oRxMR1mpon69Pv5A,949
950,ChIJpzJNOzTpRxMRplm9GEIt0TE,950
951,ChIJ7bOS3V_oRxMRO-go7qDOyp8,951
952,ChIJsTYAXZDpRxMRsm1oYNfP8Bw,952
953,ChIJQyopi2DoRxMRl8fxiBMjDz8,953
954,ChIJPQiJ0l3oRxMRlq9j38zJI-4,954
955,ChIJwe590l3oRxMR2pRj_3VLnpY,955
956,ChIJP65mjWDoRxMRP6cFB7HASXk,956
957,ChIJp0OdvYroRxMRu9R9xbMxrhg,957
958,ChIJ4V8yAsfpRxMRVo0Cggsr_-I,958
959,ChIJBw5j_IrpRxMRw2s7M5vAnnc,959
960,ChIJdcdVZ5rpRxMRKBLqMhxE9P0,960
961,ChIJTRzNSmDoRxMReHrua68ZuqM,961
962,ChIJnw6AJ2HoRxMRzXpoUAoR0GM,962
963,ChIJBQyD2GDoRxMRFev_8ovFhyE,963
964,ChIJE64XsGboRxMRR0CvtRxgSEI,964
965,ChIJNcOSQzzpRxMRLrG5L-Cc5ME,965
966,ChIJJWqCs6npRxMRQAi_x8c1mCo,966
967,ChIJ51RI02PoRxMRmxbCmL5KsmE,967
968,ChIJA0SVbQzpRxMR4pWifJqNexI,968
969,ChIJCUZPQivpRxMRq39q2a8zeOw,969
970,ChIJSanlfWPoRxMRNj8KwkpAKXk,970
971,ChIJ1VT_5GPoRxMRRHHl-3DQ3Vw,971
972,ChIJgxxwfGToRxMRE3Ncr5xbAXQ,972
973,ChIJK991DmToRxMRywRGzxfBiO4,973
974,ChIJgw9ruWboRxMR_ksrh_P_CPc,974
975,ChIJUcQr5kToRxMRPPJO6o_x7Qc,975
976,ChIJzQGUFlvoRxMRCcuNA294An8,976
977,ChIJo0R_1U_oRxMRqDBPTtg6ZRk,977
978,ChIJYdq09lroRxMRcZrFYetOsi0,978
979,ChIJRzPg2FroRxMRD_m30Up0ijU,979
980,ChIJ7cf0kVvoRxMRdHGCHvH-Oz8,980
981,ChIJVVUVylzoRxMRGOAiQ7xzqIg,981
982,ChIJsS0ILl3oRxMRhhmQcOAk4Ic,982
983,ChIJS49i62foRxMRI1YDaLjdf9w,983
984,ChIJFaZys1zoRxMR0Yp0etmRqHk,984
985,ChIJ0_I6yGfoRxMR9Q4dgo4m8g4,985
986,ChIJ0fjEoULoRxMRTr23a28uS4M,986
987,ChIJ_RH7D0LoRxMRJLPolMzSmLU,987
988,ChIJY2zrbTjoRxMRj43BlOGo0sU,988
989,ChIJ67_BUz7pRxMRj1PgtYktuG0,989
990,ChIJF9xeYUDoRxMREC6GrSwjf8U,990
991,ChIJl7Z-3kHoRxMR02uI7KU4xBs,991
992,ChIJPQ2AWkDoRxMRduZ5lRAmamE,992
993,ChIJOdsafz_oRxMRFyQW7eValg8,993
994,ChIJdbdSEDzoRxMR77Cqg2hsbKQ,994
995,ChIJXxgSQznoRxMRtbhw1SaBnBs,995
996,ChIJianS5T7oRxMRrkwas975_5Q,996
997,ChIJP66wgzDoRxMRjCP8qmkjTwU,997
998,ChIJNWisUVHDRxMRo-eGQqNCXpU,998
999,ChIJNf2KIQfCRxMR7PHhq0WoUAI,999
1000,ChIJwWS5fTPDRxMRMJirWgHzVdc,1000
1001,ChIJM_O2vwbCRxMR_949NV4OYOg,1001
1002,ChIJ2RkTmSfoRxMR4rxajCpNZJI,1002
1003,ChIJ39XsTfvBRxMRobV6rWesx-E,1003
1004,ChIJwTt57nPDRxMRKnWhVu88qkY,1004
1005,ChIJBxrcvs_DRxMRPiZAwelvUxk,1005
1006,ChIJ357Yf4TuRxMRFf6lbXbA5eA,1006
1007,ChIJ3989xnnDRxMRcPw6tkXML7s,1007
1008,ChIJ3XBFDnnDRxMRR8ewos0lv0k,1008
1009,ChIJL4koa3nDRxMRBq3AyGaE2H8,1009
1010,ChIJ_4jKdY7vRxMRAhB2GAE8ugo,1010
1011,ChIJR7u7PqPvRxMRkLdlmaOyS58,1011
1012,ChIJm0oreY_vRxMR5BC8bdVyX50,1012
1013,ChIJCZzA94roRxMRH-yiQuxHRAI,1013
1014,ChIJ0-bhwQrvRxMRfHbuHQ1NMgM,1014
1015,ChIJ1dHqa4TvRxMRh3l3hQ5z4vs,1015
1016,ChIJRb7osybvRxMRJlhw_dq3Ev0,1016
1017,ChIJlzxSXoTvRxMRmMRlv217Hl8,1017
1018,ChIJ64oSJxPvRxMRoqwq294f1gU,1018
1019,ChIJ6eWaR8fvRxMRV9en9JXu1uU,1019
1020,ChIJs61o3wDwRxMRGeCdxi_7NNo,1020
1021,ChIJ8_V8T4LlRxMRrFGTFfAzTTk,1021
1022,ChIJb0_ChGDlRxMRlP_f6jETdvE,1022
1023,ChIJOdFLq2blRxMR-OfGVmrDIgM,1023
1024,ChIJ8YLByzjlRxMRFEI5uBGd4cM,1024
1025,ChIJiyAO73TvRxMRcXCv3SPyqao,1025
1026,ChIJx_sRy9HuRxMRwmpgfnBD5wY,1026
1027,ChIJLcvCCHnvRxMR7R3DmyZBYpk,1027
1028,ChIJi2iTQefvRxMREkdK1YLw_PI,1028
1029,ChIJq_DRvx7vRxMRMDgk2_8TNzE,1029
1030,ChIJq6p67R7vRxMRD-PuDymM_Fc,1030
1031,ChIJ62RJ7R7vRxMRwDyl7I9oWQc,1031
1032,ChIJB9yemvvrRxMRe86r-V1MdJo,1032
1033,ChIJdfosyEfrRxMRv0k-iC46llI,1033
1034,ChIJo7JWfTvpRxMRiz0qluCRa9M,1034
1035,ChIJnfCEDiPpRxMRxu-Vz-RQ-p4,1035
1036,ChIJZ5IiSQXpRxMRKkcxCUzvOnA,1036
1037,ChIJS2j0DxzpRxMRkKyzddGh_O4,1037
1038,ChIJK0ykwt3pRxMReqA_Ff-HgZk,1038
1039,ChIJVahTQQLpRxMRZ9czcZj9LOw,1039
1040,ChIJn8a8lATpRxMRxTzY8JPUgmI,1040
1041,ChIJH84newvpRxMRC6x2igT-uEQ,1041
1042,ChIJtwMPmLToRxMR4noVECIJS8c,1042
1043,ChIJPZ29HLHoRxMR353HyUUj-3o,1043
1044,ChIJo2h2ZfjvRxMRQmjuwZLDEFQ,1044
1045,ChIJZU4_AN3oRxMRGTEgLFR8QzU,1045
1046,ChIJT1UG0b3oRxMRspIxOk2zooM,1046
1047,ChIJdQOgiJjoRxMRpqdhJvG8MQU,1047
1048,ChIJz4lsoeXoRxMRSBX44tLkqEo,1048
1049,ChIJiaryxnrpRxMRW6Qbobu-hUg,1049
1050,ChIJmXa2Rc3pRxMRuFhMOfKFl-Q,1050
1051,ChIJ7faup6XpRxMR-c_uslnp7rU,1051
1052,ChIJr2Thc-3oRxMRSlVmH6JxNyA,1052
1053,ChIJIT40cu3oRxMRkEBYerNUVXQ,1053
1054,ChIJM9pDtOzoRxMRkafSZeKkAVA,1054
1055,ChIJp6TbpPzpRxMRUS2f9CDnoYw,1055
1056,ChIJgUXbyJLoRxMRd4Wy7y306oA,1056
1057,ChIJM0KZaTnqRxMRgBmpdT5UKy0,1057
1058,ChIJteVsXHzpRxMRAedtRtIqe8I,1058
1059,ChIJ01RligjpRxMRuVodv659sk8,1059
1060,ChIJk208IgbpRxMRnfTJumCJYi0,1060
1061,ChIJL8ngQALpRxMRamKzwiSwSx4,1061
1062,ChIJs4hGSf7oRxMRCzUP5ldoRGk,1062
1063,ChIJSdtPupzpRxMRt9T0iNxQfHY,1063
1064,ChIJswhyWJvpRxMRX-2LbEHoD4E,1064
1065,ChIJ-worm4TpRxMRBoCIrB-oUmM,1065
1066,ChIJP_Z6Ip_pRxMRrvJs4Ibr5iM,1066
1067,ChIJZUxZUwfpRxMRBE3F4tqDsmw,1067
1068,ChIJedhWB6zpRxMRz60ZggLSMEY,1068
1069,ChIJQZkZeqzpRxMROnOnxzERFF4,1069
1070,ChIJ7dujcKzpRxMR-bjmRvpNzzU,1070
1071,ChIJCxlNmanpRxMRj0q8L6XzF5k,1071
1072,ChIJ0QlIkRLpRxMR8Py5qInDjWc,1072
1073,ChIJvwDaWkjpRxMRkyvn751g_N8,1073
1074,ChIJz0LXT6rpRxMR-NTJLJN1pMo,1074
1075,ChIJJS02YlXoRxMRfbIQKMC436g,1075
1076,ChIJtUT3flXoRxMR_RsAusMh-9M,1076
1077,ChIJ_2_pkQbpRxMRUwfh8lm9ItE,1077
1078,ChIJ1SqJ7CfpRxMRJ71J0PJ-gQ8,1078
1079,ChIJxyKRlU3oRxMR4zPRQ2pkb8M,1079
1080,ChIJD7ZY41PoRxMRqPg6oStheN4,1080
1081,ChIJU3J_egfpRxMR3Jr_E1QFwjc,1081
1082,ChIJWwNfO5rpRxMRD1nF-Yvm1mM,1082
1083,ChIJe_WJeyrpRxMR0CGrzOq7Pg0,1083
1084,ChIJP_a7ZrPpRxMRpgMFe_cQVnk,1084
1085,ChIJsS7PYbPpRxMRENAhTbAstDQ,1085
1086,ChIJq9dXdVHoRxMRNh1RLGxEmZM,1086
1087,ChIJBap2zbjpRxMRCA2Qxc3SXHY,1087
1088,ChIJb0mPAsjpRxMRDQatnoPzGk4,1088
1089,ChIJXwe2DvrpRxMR5_qWPlaaQH8,1089
1090,ChIJ69Arj0roRxMR98phzQF3oUo,1090
1091,ChIJ______DoRxMR5b1CQSTDePQ,1091
1092,ChIJNVkQxp7pRxMREtf48ezlm1w,1092
1093,ChIJ7ZLLh3jpRxMRIRpHHpmTriU,1093
1094,ChIJAd6AqPfoRxMR221BbIPQmC8,1094
1095,ChIJt8bj6vfoRxMRI3hiuw23ym0,1095
1096,ChIJAapRIH3pRxMRFSLPfLpm5AU,1096
1097,ChIJf1693ozoRxMRljsfWyN5zy4,1097
1098,ChIJn1rNTdTpRxMRidz6wqkhkRw,1098
1099,ChIJ38Ky45XpRxMRJyknE9IKm_0,1099
1100,ChIJi2sqkPToRxMRe_5NWhfhbLA,1100
1101,ChIJZdxHKknpRxMREMfzKp7NqMQ,1101
1102,ChIJiZHcNPPoRxMRS1KibOJyqEs,1102
1103,ChIJ9RFq6a3pRxMR7uEvRe5pA6U,1103
1104,ChIJw-fqM4voRxMRW81ijpJxNPQ,1104
1105,ChIJKzcMHBDpRxMRMpbY1gTxt2o,1105
1106,ChIJRXTvUPboRxMRtTExncm8PQQ,1106
1107,ChIJy9nEJIvoRxMR9QqDPgoPgnA,1107
1108,ChIJLUA3UaXpRxMRU1nhTxdBlkM,1108
1109,ChIJz38R6lXpRxMRpFYnpM4Wqc4,1109
1110,ChIJ6VFZUYzoRxMR-zmNCCEwc7I,1110
1111,ChIJT9IdaYroRxMRn3BUIXhle68,1111
1112,ChIJ70rYYYroRxMRXv7awzWexWE,1112
1113,ChIJbfO1ClfoRxMR3vUlmLPOmcM,1113
1114,ChIJ9Rl-nkTpRxMRhvKwff-bJ_8,1114
1115,ChIJmRGVulnoRxMRHH3Swh-rYbs,1115
1116,ChIJD17Ww_foRxMRl62xZy7HHh4,1116
1117,ChIJk2hxcc_pRxMRVe39x7l9FGs,1117
1118,ChIJ0WgAcfDpRxMRGs-LQmuzI0Y,1118
1119,ChIJPcnS6lDoRxMR8rEzou1er0g,1119
1120,ChIJAQCsLPboRxMRnYX5saVr0yE,1120
1121,ChIJFQrMlkbpRxMRBEUWOsKTymo,1121
1122,ChIJy2b4nljoRxMRhFwOxuXHKoE,1122
1123,ChIJ5ZQCnOHpRxMR2JUfAIDHiW4,1123
1124,ChIJcYSKTlnoRxMRRG1ildPKlQE,1124
1125,ChIJwdK2vl3oRxMRXEf_tS0cTtI,1125
1126,ChIJ78x66V_oRxMR7nYcConYHIY,1126
1127,ChIJW4rQz1_oRxMR2QHK-bVPl74,1127
1128,ChIJb_YYoXbpRxMR8xTPiLPQpGI,1128
1129,ChIJgw7OcWPpRxMRQVZpmUgrVlo,1129
1130,ChIJPXw231_oRxMRdA8E3w879is,1130
1131,ChIJdyl4jTDpRxMRdFHHIkDwynQ,1131
1132,ChIJOx0U8DjpRxMR2PK1ztd1f9M,1132
1133,ChIJq55Tt17oRxMRLZh_vGF8mik,1133
1134,ChIJ6Vckz9_pRxMRfVbgde31dOo,1134
1135,ChIJRZL_ZojpRxMRue-eKCoWOzI,1135
1136,ChIJD0G5VTDpRxMR1Tqvj2E_Q2U,1136
1137,ChIJx_ecAwbpRxMR8nLlBR5YzxQ,1137
1138,ChIJR0mpk2DoRxMRPBSIXZ9tdyw,1138
1139,ChIJx3Z8XIbpRxMRA7n4roWkbus,1139
1140,ChIJ9UBirWDoRxMRGR0Q20lB6Ks,1140
1141,ChIJR62HlVbpRxMRxUDOYpcYApI,1141
1142,ChIJUXpZ8F3oRxMRUbhZ83RRsHU,1142
1143,ChIJ22OaTJDpRxMRaghO2KXW4w0,1143
1144,ChIJ_2XiK_HpRxMRSgmoycMQOgI,1144
1145,ChIJAaIynJDpRxMRmhv_5BfKpwg,1145
1146,ChIJxQmwCVzoRxMRwuwoozIQAZ8,1146
1147,ChIJUc5AiPvpRxMRjiZHWonRuTk,1147
1148,ChIJ_16isJTpRxMRmoixn2APbzo,1148
1149,ChIJ-UK-IGHoRxMRA_6ELvLo-bg,1149
1150,ChIJSwytq2HoRxMRdeOoFgWCqi0,1150
1151,ChIJH5v8u2PoRxMRevKrNc0kRB0,1151
1152,ChIJ2WuppGPoRxMR2zqpyInSw5s,1152
1153,ChIJC1VVFWDoRxMRc3tm0FZVFCw,1153
1154,ChIJhzOEPGPoRxMRZ15HIYHvvrQ,1154
1155,ChIJPY2hGFHpRxMR6FxZcqW60Js,1155
1156,ChIJFZaFforoRxMRN8tfYiX79ww,1156
1157,ChIJQ_3X8rLpRxMRX4ZEbLEDMn4,1157
1158,ChIJo030s2HoRxMR7Jb6nRNt8GQ,1158
1159,ChIJOYTqnxbpRxMRmv4xd61akfI,1159
1160,ChIJmVKGD2ToRxMRp6B0R9PelPs,1160
1161,ChIJL6qSHWToRxMRQIRu_isaL9g,1161
1162,ChIJ7V5CcRXpRxMR5rd3fxZaN-c,1162
1163,ChIJIfuc-ybpRxMRZ889v87v2gU,1163
1164,ChIJwQ7nGanpRxMRMrInU4vBjU8,1164
1165,ChIJfde0tozpRxMRz2sicYNk0NE,1165
1166,ChIJPaeOhVvoRxMRjJfzBAg3D_E,1166
1167,ChIJ188RT8fpRxMRrbZSwWCyrVM,1167
1168,ChIJOXSFxWHpRxMRhEvEq2O6uho,1168
1169,ChIJi5EGvFvoRxMR8kmhYD6jFLM,1169
1170,ChIJT8acsLbpRxMRS_jYz8KlYYY,1170
1171,ChIJhUeDk4bpRxMRlP_IfQTvyWQ,1171
1172,ChIJx70dg13oRxMR1ou6pIGeWrg,1172
1173,ChIJ33Udg13oRxMRlsMz8jBq7KY,1173
1174,ChIJ7zP0BVbpRxMR_liTDC92zpo,1174
1175,ChIJeTR2v8vpRxMRtNzF0wGymd8,1175
1176,ChIJfTH9QlzoRxMRGCiw2t9g27s,1176
1177,ChIJ_w304gPpRxMRUlKdYHQEOkY,1177
1178,ChIJLfRCw2foRxMRohde_OJVWDU,1178
1179,ChIJs_JDL2joRxMR2ZiTmA9GBNk,1179
1180,ChIJE2-cQEPoRxMRBOHSsgd2mF4,1180
1181,ChIJY-Kpwu7pRxMRNyISbfPepyY,1181
1182,ChIJ8d7O5z7oRxMRFuemV1meM0I,1182
1183,ChIJD59I5j7oRxMRZZ7oGYo42g0,1183
1184,ChIJr-EMGAfCRxMRUIVH66Ahv6g,1184
1185,ChIJ1Wbvzp_CRxMRLheygCjJhrU,1185
1186,ChIJy1nzYbjDRxMRQ-lc7eElAjE,1186
1187,ChIJxfBswQLDRxMR7Id7DyBfYFs,1187
1188,ChIJxSu8oO3DRxMRl2vuAPvTR6Q,1188
1189,ChIJ1xx9WRzDRxMRzzbXLMvlIiA,1189
1190,ChIJk7NAAvHvRxMRVZUxX6MOuqY,1190
1191,ChIJOVL2IJrvRxMRtFb9-7ChWK4,1191
1192,ChIJiSMA4kTpRxMR9FWy8yy8ICQ,1192
1193,ChIJUSbKPwbpRxMRIDjALrQpXH8,1193
1194,ChIJP1m9yW3pRxMRQ2Dl6Aotuzg,1194
1195,ChIJhRQNxt7pRxMRmCwoSN-XZlk,1195
1196,ChIJESiLbZzpRxMRvQASUsmUjSg,1196
1197,ChIJ9zi81VToRxMRhqutecpGjio,1197
1198,ChIJw-oBfUvoRxMRJz9MsToqMNY,1198
1199,ChIJddbWRvXoRxMR8cYRYklNAU4,1199
1200,ChIJhf9uhFboRxMRK3Olp0rv4LY,1200
1201,ChIJQ9FDtlDoRxMRPA-vmNn6ZVo,1201
1202,ChIJ-6qIjoPpRxMRSB-4HyAdcZE,1202
1203,ChIJW1f1x_nDRxMRpw7aVG8RyuA,1203
1204,ChIJ_aX_u93pRxMRqkaKkFFzsuw,1204
1205,ChIJne4eUyXpRxMRdejEKK4y43w,1205
1206,ChIJxcprg9ToRxMR_1t6D3Kcyrw,1206
1207,ChIJBywHeCnpRxMR_j0U9DAjAK8,1207
1208,ChIJwQYBHAXpRxMRT81jWdAYpPA,1208
1209,ChIJd74Eip3pRxMR0PNyEQmuukw,1209
1210,ChIJvYFytYnpRxMR-zGRV55BYU0,1210
1211,ChIJ54XQ_WDoRxMRpORjBnNDP5E,1211
1212,ChIJvyndiirpRxMRpRZn5oV3Mdk,1212
1213,ChIJAx9km1rCRxMR5YRcDefdcdU,1213
1214,ChIJ-_0PRlXDRxMRZ5hJE0mdww0,1214
1215,ChIJXc4A2dzvRxMRt3K9MBWMBb8,1215
1216,ChIJjZCwW-_vRxMRB-HOFyYrCB4,1216
1217,ChIJNTK1e73vRxMR11tMyaj7eJ4,1217
1218,ChIJYwqDqPbvRxMRvr0FKkmRyvg,1218
1219,ChIJ3R_nZHTvRxMRv5Awopo0HCM,1219
1220,ChIJZ0W7HJPvRxMRgcQXFsNCFzA,1220
1221,ChIJ4-4a_o7vRxMRvpdlz3HT2t4,1221
1222,ChIJC-vSf97vRxMRnmbhDZOTstI,1222
1223,ChIJx1q8rf3vRxMRoZta1Neitng,1223
1224,ChIJTSS1CZnvRxMRVONW_Qh2cAk,1224
1225,ChIJychpbYjvRxMRMU8-1HoAM4o,1225
1226,ChIJkbSGmoXvRxMRGPOew40pw1I,1226
1227,ChIJ5fNjOz3vRxMRKkF-YIyHM7k,1227
1228,ChIJO-1p4RrvRxMRbNQTsVGpnVI,1228
1229,ChIJXUEaHYHvRxMRnFoHwse0J3w,1229
1230,ChIJUwC1rVTlRxMR6-WV1HFdRwc,1230
1231,ChIJd770hYvoRxMRGkMDSmqB5IU,1231
1232,ChIJGXbtzmLlRxMR77L1TIv_jpg,1232
1233,ChIJz2U4VLPpRxMRHUGV1JDNa60,1233
1234,ChIJf09gwLvlRxMRSp1zy1DNNYE,1234
1235,ChIJd2pWX17lRxMRuC94jrKqn-E,1235
1236,ChIJJ9R2PGHlRxMRo9eL16BTaoE,1236
1237,ChIJiX-rPqzlRxMRXw7Q059GCHs,1237
1238,ChIJlbmh3EPlRxMROTkeoCFsByA,1238
1239,ChIJA6vicmblRxMRdBx8RwALxtk,1239
1240,ChIJR7a-MHPlRxMR_ssZhDRr4_g,1240
1241,ChIJGXbtzmLlRxMRr0TwEyRcJXI,1241
1242,ChIJvcsP0DflRxMRnvlbFfynC_Q,1242
1243,ChIJF0EUYE7vRxMRXOmPont3qWc,1243
1244,ChIJ_WkHQN3vRxMRsBXI-dp-IEc,1244
1245,ChIJx5hELSTvRxMRQPodyW1vDfw,1245
1246,ChIJZ7CTgOjvRxMRuEftL1V6uyk,1246
1247,ChIJf91c9iXvRxMRh2BeUiDEqWo,1247
1248,ChIJf_gBWN_uRxMR5DqnmOjUnAY,1248
1249,ChIJNYd_uQXvRxMRI_5zM3NQlXc,1249
1250,ChIJ_aMWXx7vRxMR9Q-5BqnK-Hw,1250
1251,ChIJp-zqEg_vRxMRVLTS2e6PJbY,1251
1252,ChIJ0xB4XxbvRxMRISEeHOvYgaE,1252
1253,ChIJHVWsuhbvRxMRclBqv8GEecU,1253
1254,ChIJW0yJnaLvRxMRqcdz1TOiXcQ,1254
1255,ChIJi0sseOTuRxMRBoJM6mDWsvU,1255
1256,ChIJifhc53LvRxMRmooBBcI6C2c,1256
1257,ChIJSYdB8BfvRxMRb-H6OQce3Ew,1257
1258,ChIJTyyG1yHvRxMRFA8hAFfditE,1258
1259,ChIJh3gzSVbvRxMRhW6MzO1sOgI,1259
1260,ChIJx6ZvA0_vRxMR_GyrrUWbc98,1260
1261,ChIJ-RuRXj_vRxMRS5Tqd1SYo0Q,1261
1262,ChIJ1dCikjvvRxMRnC6x_fFyCxI,1262
1263,ChIJReM5gj3vRxMR4SdoTGtyJno,1263
1264,ChIJnwgtjzzvRxMRqCNda_w-omw,1264
1265,ChIJr15e7y3vRxMRgiGhvcEKPWQ,1265
1266,ChIJc8ShIDvvRxMRZ0BQReqC3Es,1266
1267,ChIJ1dCikjvvRxMRDAmgBEy0P3E,1267
1268,ChIJrWFItkrvRxMRfq0hoWZD6MM,1268
1269,ChIJVeWGRoDvRxMRvrGKdK_xISc,1269
1270,ChIJgeAA_X7lRxMR3jVlfUHcp1s,1270
1271,ChIJr_cK_n3vRxMRa-GvEqk2ACw,1271
1272,ChIJf8s6xn_vRxMRWPiPgxT5vJ8,1272
1273,ChIJldyUs3TrRxMRC9Ejf9Iu9fk,1273
1274,ChIJG14HL5frRxMRIabsRONxlx8,1274
1275,ChIJNQNuhQjrRxMRrMnpYkD5CeA,1275
1276,ChIJ0-RNgIDrRxMRKZDM6KGkUOM,1276
1277,ChIJcWjKdbPrRxMRkjcI30QKgFY,1277
1278,ChIJte3qo8DrRxMRSxvgNYdQwS4,1278
1279,ChIJq8QLgbPuRxMRsrgxLi4uii4,1279
1280,ChIJVxgt5bPuRxMR4ybeAPZhjwQ,1280
1281,ChIJY9Oc0ZjuRxMRWvqoHmgLHCw,1281
1282,ChIJSfDNArbuRxMR1jykk-bKoB8,1282
1283,ChIJmeKW8ejpRxMR_lgZkj5ILz4,1283
1284,ChIJi1-fVN3pRxMRBJfq0SGSBxo,1284
1285,ChIJPfC9QDDpRxMRGt2Z9deMibA,1285
1286,ChIJhZPygF_pRxMRbNEJ9TIqCB8,1286
1287,ChIJ5boMD4fpRxMRWlWdvImxeiM,1287
1288,ChIJi-4lNCXpRxMRsc-fuhh5Hyg,1288
1289,ChIJuQEAEzDpRxMR_BnKeGGp_Oc,1289
1290,ChIJfevvyzzpRxMRy2khQCarUwg,1290
1291,ChIJTyPwW3DpRxMRFPXVXJRJX-g,1291
1292,ChIJzTOpABzpRxMRV0HmCyl-Brw,1292
1293,ChIJx_c3FRzpRxMRUNv5ayJdD90,1293
1294,ChIJW6h5KQXpRxMRc5J5YgcjygU,1294
1295,ChIJGfsVc7HpRxMRBii1hqk_khQ,1295
1296,ChIJsfHwtd3pRxMR3U1b8kbdJa4,1296
1297,ChIJHzOrTv3oRxMRhdJpOaIyuc4,1297
1298,ChIJsywLjlbpRxMReQy4_krpnIs,1298
1299,ChIJB54YfA7pRxMRgfGrkpT3Gq0,1299
1300,ChIJU9jpX6TpRxMRXHBzjlQv8qY,1300
1301,ChIJMQGCydLpRxMR95N07oPu1NA,1301
1302,ChIJ-4MRHzPvRxMROGOwpJrGhkw,1302
1303,ChIJTfWLIDPvRxMRrWoVBH8jQvA,1303
1304,ChIJR36IQS7vRxMRixiISkX90Bc,1304
1305,ChIJ8w6qUTLvRxMRppphBY75A18,1305
1306,ChIJQ7RV0jbvRxMRrmLemyurWz8,1306
1307,ChIJYRiTvKLvRxMR2nKSgmHtU9k,1307
1308,ChIJEbLO2kzvRxMRgnO7L0eF1DM,1308
1309,ChIJkzInMk3vRxMRk7FCTTSmZUQ,1309
1310,ChIJgS6m_tnvRxMRGC-4NQEAJHU,1310
1311,ChIJx2y9j8fvRxMR9OsJdnn6l7A,1311
1312,ChIJqc5hbtPoRxMR1n4CM7NgWS0,1312
1313,ChIJecvuoNToRxMR9EhSarpo9xA,1313
1314,ChIJBb7hzzLpRxMRTt9OFI55T-U,1314
1315,ChIJsdbSML_oRxMRoZSlFWguDsE,1315
1316,ChIJ3Yn3lT3pRxMRLm5BsF29oq0,1316
1317,ChIJn626C4rpRxMRNGZYMBk4mow,1317
1318,ChIJzfDBPbToRxMRqh3yHZ2z8Io,1318
1319,ChIJqccVV7LoRxMR5ZWymy30GE0,1319
1320,ChIJk5zelwLpRxMRd0TudGMvtzM,1320
1321,ChIJEfW_i8DpRxMRYjQmkxO_9YU,1321
1322,ChIJCfQGTovpRxMRc0v4x6WJUxk,1322
1323,ChIJNVf0ErHoRxMRk5v5g17HCy8,1323
1324,ChIJgX1T2bnoRxMRmD1Vx2nhDLs,1324
1325,ChIJFZ4A_LjoRxMR7_xopy4AgPE,1325
1326,ChIJQ7vkr0DpRxMRqxdsA516gfc,1326
1327,ChIJzecFN0PpRxMR8sYS6CuuuXQ,1327
1328,ChIJ4dEYh7zoRxMRQmke_5VPqH8,1328
1329,ChIJwb9FLqPoRxMRsbRcUzsPa9k,1329
1330,ChIJiQpF3c_pRxMRHY4oHy62AX4,1330
1331,ChIJoezVvnzpRxMRUyYfnfLlHwc,1331
1332,ChIJqakM-vroRxMREeOmbZK0nZc,1332
1333,ChIJDWRvJhPpRxMRE8Qi0BnYvWQ,1333
1334,ChIJza_U0MLoRxMR68A2REpfOGI,1334
1335,ChIJL5GHtgjpRxMR_AVZb1e7rcs,1335
1336,ChIJr7FAGvzpRxMR7F5vkmtkT-o,1336
1337,ChIJlSpkqL7oRxMRhlzuiL-aBL4,1337
1338,ChIJ9VbEG2_pRxMRjrgdcqvmKL4,1338
1339,ChIJl5NlNe3pRxMRXm7eClnbi0g,1339
1340,ChIJZ6cLlIrpRxMRUqwfcYkFQq0,1340
1341,ChIJ_6c9GpnoRxMR9QAEjngHsuY,1341
1342,ChIJ_2pQrLzoRxMRDpBie8Oq1Ko,1342
1343,ChIJ6UmXVLzoRxMRCftZxjv97k4,1343
1344,ChIJHWkxp5foRxMRtV0kRqEgTjE,1344
1345,ChIJcQb8rOToRxMRZDqUbbqMF7w,1345
1346,ChIJ8-Que7fpRxMR1m_UpUBL1PM,1346
1347,ChIJLQIytOToRxMRPiiH3oish_U,1347
1348,ChIJlyCck-3oRxMRgfZOfofocQU,1348
1349,ChIJ-RNNc-_oRxMRuEHNich7oHk,1349
1350,ChIJQ3b4cu3oRxMR49yw89E5sEc,1350
1351,ChIJRaZg0yXpRxMROR38AkSg6hU,1351
1352,ChIJ6w7_eZToRxMRDjTu1Q5NyZI,1352
1353,ChIJm-WceoDpRxMRhj8X9gR07YY,1353
1354,ChIJ34wIjonpRxMRDkRZF9lPVBo,1354
1355,ChIJH4gD1gjpRxMRm2CcMYRUadg,1355
1356,ChIJFS61K_foRxMR2dkqZmPVmio,1356
1357,ChIJ76U2XoroRxMRb8iELoHKRKY,1357
1358,ChIJFcl-8VDoRxMRaT7OBB4fUr0,1358
1359,ChIJC9fZXVDoRxMRzFFJMNhEklM,1359
1360,ChIJHc6WhFboRxMRwGfIKzpW4Ow,1360
1361,ChIJ_-vzUEbpRxMRmn3Y-TnpTlU,1361
1362,ChIJPXRoa2foRxMRpsPK-Cje3gY,1362
1363,ChIJDxCt6GPoRxMREHuKZ978TUE,1363
1364,ChIJZUJ7XGPoRxMRr4wTPNWOt6k,1364
1365,ChIJNRe2EmPoRxMRe2UlqDKbpyo,1365
1366,ChIJE_z2q3zoRxMROKiUR2Brg14,1366
1367,ChIJAz6M02PoRxMRc0V0wyqU5hQ,1367
1368,ChIJ5_-dD2ToRxMRyrqYYybbArU,1368
1369,ChIJf_4jF2LoRxMRwiCpC5TP3Nc,1369
1370,ChIJzzkHJWLoRxMRvkaH8u2GhVI,1370
1371,ChIJ6yn_h2HoRxMRBzxn9EaE1S8,1371
1372,ChIJsa1G1cfpRxMRbKED3INZYq8,1372
1373,ChIJJQxy32PoRxMRudRGWoK8SuU,1373
1374,ChIJ-UB7JlLpRxMRMcK-ALjqRKA,1374
1375,ChIJJTbiPWPoRxMRBkJRYGZPdyA,1375
1376,ChIJLQXtCw3pRxMR9_DgCwuMueU,1376
1377,ChIJ-0JaDWToRxMRMkA3hjYs3tA,1377
1378,ChIJP7Gjh2ToRxMReXwJ2oEW-1I,1378
1379,ChIJ02gaUmPoRxMRCCkrGX1aqxQ,1379
1380,ChIJq6lgTWHoRxMRFDqfGW8POK8,1380
1381,ChIJHf1AT2ToRxMR3Mo5TbICYaw,1381
1382,ChIJaWfjrXzoRxMRXacZbtYguTo,1382
1383,ChIJ76qwaJPpRxMRk4zyWsnNCi0,1383
1384,ChIJ0dQqmGboRxMRPZK-iIFXSDc,1384
1385,ChIJKf3M5E7oRxMRJd4bxcp7Jhw,1385
1386,ChIJYZsukU7oRxMRS7X63pgC8o0,1386
1387,ChIJST0kUZLpRxMRuV59xKPG3O4,1387
1388,ChIJN0o222noRxMRiSqXGrmUHVc,1388
1389,ChIJ0ZiAwWnoRxMRWav38xw11Pw,1389
1390,ChIJaU3cR8jpRxMRuB6OnKqLiaA,1390
1391,ChIJXXHF6tXpRxMRDlt9Osq7hg4,1391
1392,ChIJE025T9LDRxMRGQcakJq320E,1392
1393,ChIJWY1Mt6PDRxMRnbLidqNMjI8,1393
1394,ChIJBQUmQhTDRxMRw20IbtVTE00,1394
1395,ChIJGSSTzvrDRxMRrX5_mkr_mY0,1395
1396,ChIJh3qA9wfDRxMRTsRz8Go9NhM,1396
1397,ChIJ6S7dLAXpRxMRYIlF4ex9Z_A,1397
1398,ChIJ1xIQ4Q7pRxMRzVsNMU9H_4Y,1398
1399,ChIJl8YlI9TpRxMRp8rpZQw4MtY,1399
1400,ChIJAwi0y-fpRxMRpvcAHyb69tQ,1400
1401,ChIJmWs4DZjpRxMRCUNHoZiv9co,1401
1402,ChIJXcWfGgHpRxMRThe6w416a8o,1402
1403,ChIJPdpxYSzpRxMRf6-blQgbxhA,1403
1404,ChIJx77AE8vrRxMRC7E-f75tnO0,1404
1405,ChIJ-54-MSfqRxMRqXwnBazrlTU,1405
1406,ChIJ_SAqR0fpRxMRvvArLPn47_0,1406
1407,ChIJL7rzqMHpRxMR0F6SIUOhEBk,1407
1408,ChIJu2Tl89jpRxMR2vIzulGOJ7M,1408
1409,ChIJ1VCjxqDpRxMRxZl19NEIP6k,1409
1410,ChIJEeJ4dKDpRxMRQ4VYhmv24Ow,1410
1411,ChIJJVJlogrpRxMRnJbi1fw4Beg,1411
1412,ChIJiQr0YzHpRxMRi9CoSGRyme8,1412
1413,ChIJ1UrjQgbpRxMR86iFPIj5tfg,1413
1414,ChIJjVPeDiXpRxMR0Yx9gsMmFXE,1414
1415,ChIJ-Z9BtLbpRxMRBLu3yGSyHwo,1415
1416,ChIJCwYltQbpRxMRsvogH2LABtQ,1416
1417,ChIJewRX5WTpRxMRaYnzbDVqkfo,1417
1418,ChIJd4oEbW_pRxMRD6FoVi7krsE,1418
1419,ChIJs_tZm_npRxMRbuBwHHPahjA,1419
1420,ChIJj6dD-P_oRxMR__U5qOZ_FD8,1420
1421,ChIJsx3BLKjpRxMRw_Qh3YqbBq4,1421
1422,ChIJvbocMS_pRxMR_knfEvSsjz4,1422
1423,ChIJCZrPo6npRxMRL18a2r3MTbA,1423
1424,ChIJ-aZnrKzpRxMR_efcYORO0us,1424
1425,ChIJEaCqbyPpRxMRFeaRGw5YCAQ,1425
1426,ChIJVWWFz1LoRxMRQSNm3j2Ci7A,1426
1427,ChIJ365wOiLpRxMRGAMmCfmwDZg,1427
1428,ChIJYRe_OZnpRxMRyRTz5YanOeM,1428
1429,ChIJt68aFBfpRxMRUvIfpqyRErk,1429
1430,ChIJ0SULLlLoRxMRx7obArsEQoU,1430
1431,ChIJraIJEkzoRxMRlxWuyD2bqf8,1431
1432,ChIJvVEwHEzoRxMRBeVawbXvYi8,1432
1433,ChIJxcgV9ovpRxMRKJn7eWV79eU,1433
1434,ChIJU3-_9n7pRxMR8MDvzBIne5c,1434
1435,ChIJA3LnZjrpRxMRca9B-abPVMQ,1435
1436,ChIJq63oaSHpRxMRqqhBr-HclTE,1436
1437,ChIJCy07NXbpRxMRnXxYmiqxPlU,1437
1438,ChIJgZznBcPpRxMRhyADcPs0iB4,1438
1439,ChIJ1arOwDDoRxMRKB3_usMi7GU,1439
1440,ChIJA6sqNKbpRxMRPcQodjsy33o,1440
1441,ChIJhThjAYvoRxMRYpertMg9on8,1441
1442,ChIJp5dG_DXpRxMR_lgG80r5N1Q,1442
1443,ChIJmTmCMFjoRxMRmaxWv-e7UXM,1443
1444,ChIJj4ciZ1joRxMRSO7BAL5olNk,1444
1445,ChIJazhaJVroRxMRgHJM36WLMcc,1445
1446,ChIJCVnwHFHoRxMRFXv43_C-wJg,1446
1447,ChIJ41NaZlroRxMR2zXbjSoS_d0,1447
1448,ChIJN8_guMvpRxMRYp8Aixin8R8,1448
1449,ChIJQzLc83npRxMRejZUVzXMiFE,1449
1450,ChIJk9x8Ql7oRxMRXSCO_L5-Row,1450
1451,ChIJF3Krbl7oRxMRUbhPzVLKOOw,1451
1452,ChIJlwsy2lnpRxMRaGAP_N34o_8,1452
1453,ChIJC54NI-LpRxMR1M-N2S8bWNQ,1453
1454,ChIJNyYxIGfoRxMRndlkOj8N6eY,1454
1455,ChIJFet5BGLoRxMRHFsvIPSJTCA,1455
1456,ChIJr8paqP7pRxMRcxsG9otk1oI,1456
1457,ChIJGedrq2ToRxMRyvnj5B1fEuM,1457
1458,ChIJPQuTvmboRxMReLaD05u65tE,1458
1459,ChIJx_Kzw2boRxMRwzi0KtFXed0,1459
1460,ChIJ-X62lGboRxMRRRt5RLmPF1g,1460
1461,ChIJfwytlGboRxMRoYHdN0tK0ro,1461
1462,ChIJI1Cs5E7oRxMROVQDJpcIGoo,1462
1463,ChIJs_a_TR3pRxMR0qdytdZ2nBA,1463
1464,ChIJK90Dd6zpRxMRHWF7I-4uXm4,1464
1465,ChIJb4NefmjoRxMRo1dOaLgbCjs,1465
1466,ChIJVecfXmboRxMR9WxSQ10DUqs,1466
1467,ChIJ58-cdW7pRxMRfVSQljxMNEA,1467
1468,ChIJkyrzxzjoRxMRWB6SyrBHuEE,1468
1469,ChIJU290-D_oRxMRRr1zDyafnTQ,1469
1470,ChIJUyRf5j_oRxMRM0hSisDXf3Q,1470
1471,ChIJvdW-1w7pRxMRg5NHh-xrOgw,1471
1472,ChIJ-a0MAILpRxMRcqqW7zYVgXg,1472
1473,ChIJB5JPg5fpRxMR1UqALMI76sA,1473
1474,ChIJtZteqb3pRxMRfa9DE__B5Wc,1474
1475,ChIJ-altgv3pRxMRgYSCdHqiTxA,1475
1476,ChIJ2a88fGDpRxMRHD_LPRKuTks,1476
1477,ChIJt-D5Cy3DRxMRbQo2p0o3jsM,1477
1478,ChIJF_lmmwTDRxMRbn9uy39obNs,1478
1479,ChIJt_MJIoPCRxMRt_MpkJ3VWng,1479
1480,ChIJFzTQOp3CRxMRTy1nVDsKBgk,1480
1481,ChIJi3sPK-3DRxMR8RTc5xmo_4Y,1481
1482,ChIJc9TX3_fDRxMRbK_H-Vgv924,1482
1483,ChIJGYuecf_DRxMRroEoX8BWdY4,1483
1484,ChIJ69RDLj3oRxMRmH2hwl8syQA,1484
1485,ChIJeYXMxf3CRxMRCW5dNUO-dA4,1485
1486,ChIJQWViYtrDRxMR0ibGDZFjVVk,1486
1487,ChIJR7DtGgXpRxMRSfENkxapxXI,1487
1488,ChIJVTsNlMHrRxMRICNAfVsKPT0,1488
1489,ChIJP8EtfqrpRxMRsq85azGxDOs,1489
1490,ChIJP8EtfqrpRxMRGKyMGfcw-2A,1490
1491,ChIJl-nGAlXoRxMRD_nc7e6rFJE,1491
1492,ChIJkzC17ejpRxMRdnjfS65n_8Y,1492
1493,ChIJA6AvfsTpRxMRlmcM363THTg,1493
1494,ChIJ3ekEPMXpRxMRQIc_gGrwUuQ,1494
1495,ChIJ5wh6TIroRxMR3s6pss7q_Ho,1495
1496,ChIJv9JkIWfoRxMRkBnR_8DG7WY,1496
1497,ChIJ5Y0e9F7oRxMRqsaUBXq5P-I,1497
1498,ChIJuXmJMBvpRxMRwzpdt9webb4,1498
1499,ChIJ52KB9F3oRxMR8xrr-u6z31k,1499
1500,ChIJE_ZpGGHoRxMRkvPzfgu_zYQ,1500
1501,ChIJD43BHPfpRxMRHIFgvBEYVMg,1501
1502,ChIJmacZKijoRxMROlvd_JTItCc,1502
1503,ChIJG2zrPvbpRxMRn8cbwL9Th6I,1503
1504,ChIJx_I90nDDRxMRatjtfwKTaDs,1504
1505,ChIJGwgR3ATpRxMRB47thRt96Fc,1505
1506,ChIJA-2pLwXpRxMRR3ltrBbgXq8,1506
1507,ChIJb8knFPLoRxMRMDY_j7TpWak,1507
1508,ChIJVdjahPLoRxMR70fhwEcFRN8,1508
1509,ChIJt1vgBqjpRxMR63pyOIC4NOI,1509
1510,ChIJnVAy7ZLoRxMRpvIqKps_9tE,1510
1511,ChIJHwp8O5fpRxMRTTIuxq0ZuSM,1511
1512,ChIJl2zmBJPoRxMRvj1WxQ_1zm4,1512
1513,ChIJhx6BpOfpRxMRcgvbTWCOESM,1513
1514,ChIJjXocNHbpRxMRDdaD8i1qqYU,1514
1515,ChIJxV0BNHbpRxMRfNsAwTwmiHM,1515
1516,ChIJB0xxyQrpRxMR2CX5HWYSGsU,1516
1517,ChIJr67SEAXpRxMRsoAm4yiQUlU,1517
1518,ChIJuW1YhAPpRxMRmic1Z-ESPyU,1518
1519,ChIJu_30jAPpRxMRZ1yK-lVRbs8,1519
1520,ChIJ24H6-_3oRxMRIb9BzQIacgI,1520
1521,ChIJ3ebuBP7oRxMRkjySRHplitw,1521
1522,ChIJl0xZcQDpRxMRYYeeK-zhBJA,1522
1523,ChIJSZV6CYDpRxMRq8stnnPQMtg,1523
1524,ChIJt8R0ZILpRxMRbSi4UNNf61A,1524
1525,ChIJW0eBwCzpRxMRnU15Hpbd0io,1525
1526,ChIJuR9pxAHpRxMRP30_FietIAA,1526
1527,ChIJpSEkh4TpRxMRkeDiqFbAElQ,1527
1528,ChIJQfnGIKbpRxMReTjWjtOaCww,1528
1529,ChIJ-VTzcK_pRxMRZH-SD3oi1i0,1529
1530,ChIJpQFTVanpRxMRihGsWqI7V00,1530
1531,ChIJ4Qpl0ajpRxMRGetgkZLFOUE,1531
1532,ChIJ5fqzAlXoRxMRjo8dHgtvFew,1532
1533,ChIJ0W0_p5XpRxMRhYx3CP9vsNw,1533
1534,ChIJW0Z48__oRxMRGMwMcbYdrqU,1534
1535,ChIJA-fxylXoRxMRdDC68_sSpBk,1535
1536,ChIJQ7MeakTpRxMRgi6AA0amlLE,1536
1537,ChIJ1QCc71PoRxMRP1F_UbJF99A,1537
1538,ChIJkW5s4f7oRxMR23OADtUadHk,1538
1539,ChIJ3R5MNprpRxMRR98Rbq4pILU,1539
1540,ChIJL1TjKazpRxMRapbYSXztJ-k,1540
1541,ChIJtyylBE3oRxMRLDx9VBbl2lI,1541
1542,ChIJUQ5okE3oRxMROvTBOtTDgVQ,1542
1543,ChIJYVWeJI7pRxMRjW3OhMJyHbw,1543
1544,ChIJ-9ag4qXpRxMROJRl9oOtH6E,1544
1545,ChIJ5WEwX0zoRxMRvWojewAe7YQ,1545
1546,ChIJNZRzikzoRxMRLA9doL1v-Ek,1546
1547,ChIJhQ_1dVHoRxMRN3wKSLRTjlA,1547
1548,ChIJsfo0ysnpRxMRC04qWcDz0Dg,1548
1549,ChIJY7v7pJLpRxMRO23eaSLJmfc,1549
1550,ChIJ6ZwANV7pRxMR6fvT4ylKh9A,1550
1551,ChIJ4TIQnEroRxMRFJZY1lcYPAc,1551
1552,ChIJQ4Q9WObpRxMRK4ygELBs2Rc,1552
1553,ChIJ-2qZR_noRxMR5hncZ0QpjNw,1553
1554,ChIJRXOcSOzpRxMR2iOvB_tcXw8,1554
1555,ChIJD7ejwxLpRxMR1DAmdVYjnzQ,1555
1556,ChIJU44-HPXoRxMRmcV7RNZtuKM,1556
1557,ChIJ6TNVjvToRxMRVpr57X7QaRA,1557
1558,ChIJR6_V-_boRxMREJmnJ5IxT4U,1558
1559,ChIJF_9e_pjpRxMR1Pvh4kKF5fw,1559
1560,ChIJWXXME7TsRxMR0PO3REtq4Pg,1560
1561,ChIJ5ddgYvHoRxMR_ECMcODBymk,1561
1562,ChIJhzayo_PoRxMRtGgVMLJ8xMo,1562
1563,ChIJh-QrmfPoRxMRz9yrslfJZrM,1563
1564,ChIJ69yM3qPpRxMRbPAo8hnN39w,1564
1565,ChIJRXnyc_PoRxMRGwaJPrH77xA,1565
1566,ChIJ0YsBG_ToRxMR01UH8fQX1ZU,1566
1567,ChIJJfbRifToRxMROpi8YwrzqDs,1567
1568,ChIJRZMCl4bpRxMR1pkH0SPwPbY,1568
1569,ChIJaaJeL_ToRxMRZ5NRYwqSInI,1569
1570,ChIJYwzqDm_pRxMR6LAtCVzsQ3k,1570
1571,ChIJNSwqrozoRxMRj4k-tVs4mws,1571
1572,ChIJuzu0vfXoRxMRalsBKy8JXoI,1572
1573,ChIJN2pg3ozoRxMR9kqXw0GtjBk,1573
1574,ChIJi8dlcPXoRxMRAVvXaZU91JM,1574
1575,ChIJR1T1BKjpRxMRwxsu3rdfoiY,1575
1576,ChIJOUFxhPXoRxMRK6iu3P0mR0Q,1576
1577,ChIJjamzZIvoRxMR7a1K9NWIGa0,1577
1578,ChIJt2vkmIzoRxMRxdkQymMhmEY,1578
1579,ChIJq5Zy1iDpRxMRVGthGqVGNzs,1579
1580,ChIJ13V9XYzoRxMRuCayEmbTyJI,1580
1581,ChIJNVUjG4roRxMRG2P7xY7djyo,1581
1582,ChIJwbx5hYvoRxMRZZnBfriFfRg,1582
1583,ChIJ37SdQYroRxMRZf-dtA2EA0I,1583
1584,ChIJjTo3RlfoRxMR7DQU7LARA6A,1584
1585,ChIJsadVQKLpRxMR1f8pDLq69y8,1585
1586,ChIJmSDZ_crpRxMRhbaUEFUw3ko,1586
1587,ChIJR5mN9FboRxMR6j5ma2oky60,1587
1588,ChIJBfBzelfoRxMRj-gARe-KHQI,1588
1589,ChIJQTCyFFfoRxMR7roUAgP9BUM,1589
1590,ChIJt-jDdonpRxMRTCkJvUnyhLc,1590
1591,ChIJYf5AZ1foRxMRp0tqQPDgAl4,1591
1592,ChIJzeoSMlfoRxMRd6vWjbTzB80,1592
1593,ChIJPb4u9iTpRxMRNET-8YTDnYc,1593
1594,ChIJZzKC5bDpRxMRiafbphxisrc,1594
1595,ChIJc0s20_foRxMRE1d6SiBpcgs,1595
1596,ChIJtUy6CsrpRxMR5-0jzXfbv14,1596
1597,ChIJNXg5wVjoRxMRc0wtdYx6LSU,1597
1598,ChIJg3QtflroRxMRFquPpZnsjNM,1598
1599,ChIJAxVqYlDoRxMRYeF2mlxIqIY,1599
1600,ChIJRacv-13oRxMRVmAdNji1SKA,1600
1601,ChIJg8inVlnoRxMReL-F_IhVJiA,1601
1602,ChIJ0fHITVzoRxMRP7rFRGIuoQY,1602
1603,ChIJQ7R7g4roRxMRYS7NWV-1elw,1603
1604,ChIJCbj0gl_oRxMRHBRkyEZntW4,1604
1605,ChIJuRdz-V7oRxMRUWQBYLmBoo0,1605
1606,ChIJ6ck9X0zpRxMR71UOqcxmPwQ,1606
1607,ChIJjX1hZLrpRxMRBfwKxW6meAc,1607
1608,ChIJ0XekQhnpRxMRgM6xaoa8nBU,1608
1609,ChIJbXvSHVzoRxMR4FOoeQAldng,1609
1610,ChIJi18KyNDpRxMRDhCWAFZCQe8,1610
1611,ChIJC9FEdF7oRxMRq9qMcaBLEj8,1611
1612,ChIJU1VlyF3oRxMR281JRlsmrGw,1612
1613,ChIJmexARQPpRxMRP8uzFUN5Dsg,1613
1614,ChIJh8Fp6l3oRxMRhvAX3EQ1jWY,1614
1615,ChIJ5bB0VVnoRxMRB2kfC_VjW2k,1615
1616,ChIJtbe676npRxMRi527kkRnm50,1616
1617,ChIJM7vwR2DoRxMRHUbq8lSDA-o,1617
1618,ChIJ8c8n_2DoRxMR2LAgdNS0Y_I,1618
1619,ChIJT5EWGC3pRxMRd-ls0eZntts,1619
1620,ChIJazx49tHpRxMRr8St8oAELKA,1620
1621,ChIJIaryiGfoRxMRFYwabtNnAJQ,1621
1622,ChIJK991DmToRxMRlbfVByQ99XA,1622
1623,ChIJOaPXKJHpRxMRjFpRyAasbw4,1623
1624,ChIJiVc6V7TpRxMRuoF0HqOIPCo,1624
1625,ChIJ7_NBFWPoRxMRXfsataytYUM,1625
1626,ChIJPTHGRGPoRxMRO-R2mGTFBlg,1626
1627,ChIJcTXe6FroRxMRPkEjDkduAnc,1627
1628,ChIJ9cu4UUPoRxMRjPsNPZPjoEI,1628
1629,ChIJ36gkZlDoRxMRNhKP9muEqj8,1629
1630,ChIJ5y_aWo3pRxMRxrdHBKjo7rE,1630
1631,ChIJhyMFYurpRxMRYKMje0_8HTo,1631
1632,ChIJT_k41FHoRxMRI9e6N9pQS9o,1632
1633,ChIJNVS_EtjpRxMRR8wWzZO_KtA,1633
1634,ChIJI9ByrVvoRxMRYZKbL0zIxoM,1634
1635,ChIJpyjzPs7pRxMRAq4BqKtdfLI,1635
1636,ChIJ38FsWEPoRxMRrouc6VXzA_o,1636
1637,ChIJP7yZUUPoRxMRJBNEKEAFGps,1637
1638,ChIJNe-2iGfoRxMRwe7cuhohNoQ,1638
1639,ChIJ6xzyJVnoRxMRAv53rMxQZj0,1639
1640,ChIJ-0YGhELoRxMRBzORWves2JY,1640
1641,ChIJwZS8y5XpRxMRac3tue5RVcQ,1641
1642,ChIJGc6gukLoRxMRaitKUvHE4k4,1642
1643,ChIJm8awokLoRxMRUzqpmlBJ8ds,1643
1644,ChIJqycARULoRxMRp_TByusvR9A,1644
1645,ChIJiUqjQUPoRxMRZjfSffz68RA,1645
1646,ChIJfTi_0WnoRxMRVRBxk6HVpbI,1646
1647,ChIJa4WSGULoRxMR9L_tB78sBwo,1647
1648,ChIJux-o4CTpRxMRGMvVjha3shQ,1648
1649,ChIJ39U47kHoRxMRX1lpXFvVj-4,1649
1650,ChIJe5i-N0DoRxMRivlfjIkhD68,1650
1651,ChIJ46pw_UXpRxMRr8DWmQduOuM,1651
1652,ChIJK2wxGz_oRxMRrchIfC-jCXA,1652
1653,ChIJKTU19jnoRxMRgSbW-LY37gM,1653
1654,ChIJUfrM0ALpRxMRS5xisPRY1Bg,1654
1655,ChIJU8K1-i7pRxMRaWh7HajhMKI,1655
1656,ChIJ6xr34D7oRxMREASvXXOizf4,1656
1657,ChIJVY22MOXCRxMRY6MDyg3OL8M,1657
1658,ChIJQX5G0OXpRxMRlk-9UU2ifAo,1658
1659,ChIJg_MKqc3pRxMRYtN6T0psY5Y,1659
1660,ChIJ5eRcPwfCRxMRugEZ43O0M7Y,1660
1661,ChIJix5BCrfpRxMRX-fd2OZEjC8,1661
1662,ChIJR2Lh9QXCRxMRVOmomrCACcI,1662
1663,ChIJyfDWhAbCRxMRFQxMzQkWaRk,1663
1664,ChIJy2bh9QXCRxMR-kivnCaGE_g,1664
1665,ChIJjWav5-npRxMRi4QiG6jevSs,1665
1666,ChIJC1VVOSjoRxMRLvOlG5knM_8,1666
1667,ChIJW_ywb9DDRxMRwFpHpSQl8pk,1667
1668,ChIJR4vSuD_CRxMRGwQ2xNCiL8Q,1668
1669,ChIJRU4QCRTCRxMRmXVUtbX0mX8,1669
1670,ChIJBbmYYlvCRxMRqcG6yDbSI0Y,1670
1671,ChIJkcHRjVrCRxMRYpnYBDdhg74,1671
1672,ChIJg-Qm__7DRxMRhdA3xi3kpiA,1672
1673,ChIJBW0ZSHnDRxMRcNWtKh_an0Y,1673
1674,ChIJ9TiwqgjpRxMR-zWz7GD_YtI,1674
1675,ChIJpxX6LkzoRxMRnqqXjQeKPgE,1675
1676,ChIJy4GupMzpRxMRNjDeCGm1b4s,1676
1677,ChIJYfYU3FDoRxMRRZEt6bSkSgc,1677
1678,ChIJ36SUQGHoRxMRFSdMsi4mVNs,1678
1679,ChIJU2dXl1_oRxMRNsupY6dHtpg,1679
1680,ChIJYdXAl17oRxMRIZvdvibeU3I,1680
1681,ChIJEcY2qsHpRxMRe5lZSx7_nCQ,1681
1682,ChIJ8-sEvmDoRxMR9n4pwxODy9g,1682
1683,ChIJbXRP16vpRxMRz3824CJkTkg,1683
1684,ChIJwxH4keXpRxMRTVJw4-f7AGY,1684
1685,ChIJAQV0ZWPoRxMRpltjt0sPOHs,1685
1686,ChIJ56hKyGPoRxMRTNhOTifD_w8,1686
1687,ChIJAbVWSWLoRxMRcl2bpySc8bk,1687
1688,ChIJb4iVwWPoRxMR9MNxpYrWckg,1688
1689,ChIJ1Tr9faPpRxMRAJuASsdSXSE,1689
1690,ChIJAQulKmLoRxMRNr8tN_uThz0,1690
1691,ChIJJZFIGGPoRxMRrgoxflTKQrw,1691
1692,ChIJmzxyvGPoRxMRtURMYWq-dcI,1692
1693,ChIJ7TkvnmPoRxMRRT6AVHufb_8,1693
1694,ChIJnXrBeZ3pRxMRLN10-E3ufHE,1694
1695,ChIJT9MsgWPoRxMR4SYNhLfao20,1695
1696,ChIJJRmCd2ToRxMRLOfxa5IuvYI,1696
1697,ChIJNd5mB2ToRxMRa0iJ08YmV2s,1697
1698,ChIJ79T3kHzoRxMRd2pV0Ca5TBU,1698
1699,ChIJ8w2lmdTpRxMR7z12uYhj2xI,1699
1700,ChIJ17lFDWToRxMRaN-ShGs2n2I,1700
1701,ChIJs4V1HWToRxMRd8__FWErE2o,1701
1702,ChIJGVkkqnzoRxMRGL9lTfoFpgA,1702
1703,ChIJQ9poP2ToRxMRKVx39ZgHtYo,1703
1704,ChIJc5kbTWToRxMRR3NowL1ZFA0,1704
1705,ChIJmWuTK1voRxMRR1HtuZzmElk,1705
1706,ChIJ5w52m0LoRxMROKU_VywUkAU,1706
1707,ChIJO5U5pGfoRxMRYj7BO0KVmG8,1707
1708,ChIJWdocXGjoRxMRLe8YNDYm3qU,1708
1709,ChIJDWVHcsTpRxMRxfh-qpOwgYQ,1709
1710,ChIJf1SlNCTpRxMR9MtYags-OFU,1710
1711,ChIJ9c9lKXXCRxMRn3Ceej1PKew,1711
1712,ChIJ26OL3iroRxMRPTewKCEouHE,1712
1713,ChIJiWQAUpfDRxMR3LLWTWuGMY4,1713
1714,ChIJea9_S3nDRxMR7fT9s70eEe0,1714
1715,ChIJCVzCm8PFRxMRMJpEuktxCBI,1715
1716,ChIJA9I0UOnvRxMRZA8C27Y-Kdg,1716
1717,ChIJM-jT3ojvRxMRSbg1LDo39jM,1717
1718,ChIJL8b5fPHvRxMRQonCx9mcz-0,1718
1719,ChIJ3_PAeZnvRxMRRqz4GuZXTLY,1719
1720,ChIJfTiv3KPvRxMRDT-E2BYACls,1720
1721,ChIJGeWO3KPvRxMRgdrT3mpXaNs,1721
1722,ChIJsbXkRMDvRxMRAkSh2RyDkqU,1722
1723,ChIJv5xZ76PvRxMRthHrM5wv2Gc,1723
1724,ChIJHXFcxjTvRxMR3UdNOux3H0s,1724
1725,ChIJO6NWt4bvRxMRKzPQqGdQG6A,1725
1726,ChIJRyX1qubvRxMRNznzNTOCOH8,1726
1727,ChIJV8O-poHvRxMRVRx31vYOZnI,1727
1728,ChIJTUrMi4bvRxMRhx9wSNWtV-I,1728
1729,ChIJT0ktE4TvRxMRSWIJQhOWGjY,1729
1730,ChIJqSbKiiHvRxMR2XMXDR1gPlc,1730
1731,ChIJnQarIoHvRxMRHmgalowVrVg,1731
1732,ChIJMaEbamHoRxMRzbHJShktKzo,1732
1733,ChIJEQ8WTwLvRxMRXqJ-KukSAao,1733
1734,ChIJ7U6lyJzvRxMRK78qgplPZ4U,1734
1735,ChIJS8yJw4PvRxMRq9Mt0dLOk-w,1735
1736,ChIJlboAeY_vRxMR2Ei-AbKx3ms,1736
1737,ChIJnznFd33lRxMRl3hPbz6xoW8,1737
1738,ChIJj55_2X_lRxMRJ915eLMXwfI,1738
1739,ChIJMQLedFrlRxMRhFj4SJt-PD4,1739
1740,ChIJ0-j9XFzlRxMRLJW4wpBJ9Lg,1740
1741,ChIJuVU3t2blRxMRLtxHy-3c9MU,1741
1742,ChIJFcAXOorlRxMRpQmbENM48EY,1742
1743,ChIJ-yV8ufDlRxMROperC8WrQnQ,1743
1744,ChIJsZOfaRnlRxMRfCljoZvrlxs,1744
1745,ChIJw0b7UXrlRxMRLMjAFprUsuE,1745
1746,ChIJ7bNqQGflRxMR5bU1jcD_D4Y,1746
1747,ChIJq3Hhb2DlRxMRywt4Jbk5fcs,1747
1748,ChIJM8mIuGDlRxMRPq3DnviqXJA,1748
1749,ChIJF3FHjBblRxMRAAITUuLD23o,1749
1750,ChIJ_1bHw2DlRxMR-M3du0fAego,1750
1751,ChIJlb1L6GDlRxMRvO3YK-tBCZU,1751
1752,ChIJwaLaB8HlRxMRH-6GJrLrZMw,1752
1753,ChIJCRXZwmDlRxMRfke2CRjUluA,1753
1754,ChIJ6eIGTujlRxMRyWx7Bm4zdEM,1754
1755,ChIJF5C_ImHlRxMRLVOLIY5cXWE,1755
1756,ChIJ3bNTU8nlRxMR9asXjkLFfZA,1756
1757,ChIJpz0CPWHlRxMRPLQVKMOj_sE,1757
1758,ChIJMT4sQGHlRxMR4bkDoPmwIOY,1758
1759,ChIJCfM7MoHvRxMRs5tZRPXYGH8,1759
1760,ChIJp19K80nlRxMRR9KOt6ZlHAY,1760
1761,ChIJmb78AWTlRxMR7nibSIfrf-s,1761
1762,ChIJ3wHQfGTlRxMReg4kO1uYfPk,1762
1763,ChIJpyECA2TlRxMRkc5CZJ4Pu2s,1763
1764,ChIJ6wk7VWHlRxMRVfXyj33A0Hw,1764
1765,ChIJRY-tBEDlRxMRlRy_h84SONg,1765
1766,ChIJ_1HoUGHlRxMRgXADZ9MofZc,1766
1767,ChIJW76ABYLlRxMRIyZToXHI5Dk,1767
1768,ChIJIyw1cm3vRxMRWORx0eVCOw8,1768
1769,ChIJZWDX4DfvRxMRjY_dv0kIoSw,1769
1770,ChIJh7ZfhTDvRxMRSKmKzvUqmbI,1770
1771,ChIJiyJ-NQTvRxMRV9bDceIOTA8,1771
1772,ChIJYb_puhjvRxMR-cHs87on1NE,1772
1773,ChIJ7wTShcvoRxMRxk2jrF441Bc,1773
1774,ChIJj3mFpXzvRxMR7cLEfy3pSiU,1774
1775,ChIJc8hbjR7vRxMRLNdN9DfMdz8,1775
1776,ChIJ-U5igizBRxMRG3HngpYu54k,1776
1777,ChIJm7KuxRjvRxMRTSKUsSA3hZU,1777
1778,ChIJv8plvBvvRxMR-hgr0CEbK6M,1778
1779,ChIJ7wLFwh7vRxMRw1PeP3D2lU4,1779
1780,ChIJ3Rpvjx7vRxMRKbbXpG_9DCI,1780
1781,ChIJJYWU-BvvRxMRFyHWaB9_46c,1781
1782,ChIJmUWv8R7vRxMRT_KVaYOuUSs,1782
1783,ChIJR34C-vbvRxMRUISfxdG1so4,1783
1784,ChIJucfOcBjvRxMRXYNaxC2DC_c,1784
1785,ChIJ3fIGaiPvRxMR5CXmC2PjGnk,1785
1786,ChIJ53B9S_rvRxMRRphMD-o5SUM,1786
1787,ChIJSRVE39_vRxMRTL1hhuDAu30,1787
1788,ChIJpeaeQz3vRxMRCCknx1NvpTI,1788
1789,ChIJx1Ge_RfvRxMRPjeg-TqXPDc,1789
1790,ChIJReM5gj3vRxMRWkQcBDxgcCo,1790
1791,ChIJS9iHlz3vRxMRBDxqJ6jVsLI,1791
1792,ChIJ9YekiTzvRxMRTTJLM_t8WPw,1792
1793,ChIJU07Ull3vRxMR30RNrKlWO54,1793
1794,ChIJX5Cr1EnvRxMRJcQJRu-ahoE,1794
1795,ChIJg2TLoIPvRxMRCDXUWuH6GNA,1795
1796,ChIJyT_F_n7lRxMRvora6fQPMuE,1796
1797,ChIJVyStZJTlRxMRI7mt8Q8uASo,1797
1798,ChIJsVFJGn_lRxMRe-lAvQJ8V-4,1798
1799,ChIJEykkioblRxMRz8-IHUSf1sk,1799
1800,ChIJ0_RHbQnlRxMRxRIrspIoDMg,1800
1801,ChIJEckpT9vlRxMRRFz8xlLJylQ,1801
1802,ChIJ6cdw_iXlRxMRDdpH718eHzY,1802
1803,ChIJ3zezcRrlRxMRSNNHncDUq1Y,1803
1804,ChIJ7Q7is5LlRxMRfgYGmyp6Y8Y,1804
1805,ChIJH1snYAzrRxMRDRecVOeBnNA,1805
1806,ChIJ5R5hIcrrRxMRCtPe6NXaSFQ,1806
1807,ChIJw_dpkerrRxMR8dI1lDpLl-U,1807
1808,ChIJ_____7vrRxMRR2m_lIjocDs,1808
1809,ChIJgZQYk7nrRxMRvRWuESy-Wwk,1809
1810,ChIJD2GjvrnrRxMR8IoSlbClRug,1810
1811,ChIJzVvhtebpRxMRWscjNwJ5OGo,1811
1812,ChIJsS3_9yDpRxMRtpLeRFZkpr8,1812
1813,ChIJqTJC7RfpRxMRoFIaVBMl4GA,1813
1814,ChIJhb-SDTDpRxMR-VlTCPuzgzY,1814
1815,ChIJCWLYXyTpRxMRam1DjMcpG58,1815
1816,ChIJTQRD3bTpRxMRChjQwwb4GBw,1816
1817,ChIJHbUgr9PpRxMRDRemNPJMsCI,1817
1818,ChIJIdDjPnjpRxMRz_qeiNbZlpI,1818
1819,ChIJvyhIcSTpRxMR-kyfBrwrpT0,1819
1820,ChIJAX_m9RfpRxMR2dLVfQ8ncTs,1820
1821,ChIJeYMDHBnpRxMRzOQ4G_X8BZM,1821
1822,ChIJXWYkYXrpRxMRxJiHLybh4so,1822
1823,ChIJHdQ0OAXpRxMR-7_pTXnudNA,1823
1824,ChIJgYS-OQXpRxMRnUjZ-HWJrGQ,1824
1825,ChIJX5klXwXpRxMRQ3DXb6gvt0g,1825
1826,ChIJf7Gz_BrpRxMR9KPZEi3anZE,1826
1827,ChIJRwRs1hrpRxMRTDBvwDdno7U,1827
1828,ChIJpVBfMwXpRxMR9Yluq7QaP3k,1828
1829,ChIJNQ3WBlXpRxMRHI0eb3IZsFc,1829
1830,ChIJM_sxpATpRxMRtF-VAvHmfLw,1830
1831,ChIJF6mc_77pRxMR0DRcrMjpdf4,1831
1832,ChIJMYQIr9zpRxMR1Lz-8PlD0jc,1832
1833,ChIJheQ0EQfpRxMRrZHUuMtb0d0,1833
1834,ChIJo4lKDhvpRxMR87QAZEbJZEE,1834
1835,ChIJcQ-PLwPpRxMR-gu1eIoi7Fs,1835
1836,ChIJw5ZCOAPpRxMRM5t173CUBhc,1836
1837,ChIJRWu8lATpRxMRfzVrPEbHyPA,1837
1838,ChIJtTpXrR3pRxMR-AsgUNihaEk,1838
1839,ChIJL-RNDBvpRxMRwm96v3WA0iU,1839
1840,ChIJs3DmDUzpRxMRvqze2onc7_M,1840
1841,ChIJ5yYsyMTpRxMRPLYf8vX6MRs,1841
1842,ChIJKchSYw_pRxMRqPkVyLWnVLo,1842
1843,ChIJZaGM6IHpRxMR-KZBrbvBnBo,1843
1844,ChIJRWAzZeTpRxMRZalbRGkNM6A,1844
1845,ChIJzbJlW8XpRxMRlSq3ysmuRO4,1845
1846,ChIJQe91HePpRxMR8e7zaKYsWs0,1846
1847,ChIJc-CSnZrpRxMRsVNAPQmCxY4,1847
1848,ChIJGe2LzqzpRxMRWojNr5LJYa0,1848
1849,ChIJw5ZCOAPpRxMRTHbCGKDaVXY,1849
1850,ChIJGXz3HVDpRxMRcLJ88mN9QBA,1850
1851,ChIJVTe1u9rpRxMR400KUsdqA_E,1851
1852,ChIJn-yaJQPpRxMR4kYX_It7O70,1852
1853,ChIJQ0mljQTpRxMRwSIbIKTaoeg,1853
1854,ChIJXVt6h8voRxMR76aa8fuaCI0,1854
1855,ChIJgf-7PTPvRxMRnKpXzIze1ck,1855
1856,ChIJm2GHxpLoRxMRTL003VZrmiM,1856
1857,ChIJa4JsEcvoRxMRcvmfqRvNFMU,1857
1858,ChIJ46F22U3vRxMRhXheq54j2DU,1858
1859,ChIJ6zZHXEzvRxMRCpMXHglqyOg,1859
1860,ChIJ0bn2QU3vRxMRdixWOFpNo_M,1860
1861,ChIJU8PJ3EzvRxMRHWIMUSnAZl8,1861
1862,ChIJmZTEPSDpRxMRdBnFmdGhpi0,1862
1863,ChIJ0zxfYrHoRxMRB0oOL8D9YNg,1863
1864,ChIJM_q-srLoRxMRyiKPHLhUy34,1864
1865,ChIJY3IArd7pRxMREpcsJeeIPXg,1865
1866,ChIJZyDZgMzoRxMRM-QWxQgqkrA,1866
1867,ChIJJ06_i8voRxMRameyaKWUGyg,1867
1868,ChIJk4immczoRxMRMjqU5iawb-Q,1868
1869,ChIJsRAC_croRxMRCwJw_-kG8xs,1869
1870,ChIJC6g6v7HoRxMR5DjOWQgMwpE,1870
1871,ChIJ1cCTt7HoRxMRzNgamH9uML0,1871
1872,ChIJw026tbHoRxMRqsWhZA6QqdY,1872
1873,ChIJjXzCBbHoRxMRR9DYGvQ0RZs,1873
1874,ChIJh4FghfjpRxMRoMor6TJ1RLo,1874
1875,ChIJjQGR9UrpRxMR_YHfWr_5sYQ,1875
1876,ChIJiTM3BrHoRxMRn0VnnsXxA0U,1876
1877,ChIJ26hnG7HoRxMRsCNX9LLfqOc,1877
1878,ChIJ76khRLDoRxMR8fSgvJritWY,1878
1879,ChIJ40lKTrHoRxMRCPQZf8QUT9g,1879
1880,ChIJXzXhVbfoRxMRlVjBx0Kzw4w,1880
1881,ChIJCy5XxYTpRxMR3oHXg2qXgnE,1881
1882,ChIJm5cycjDpRxMRCWFeSvl4oDI,1882
1883,ChIJo3Ref7DoRxMRhR1D3Yhx1P4,1883
1884,ChIJMdkQwH7pRxMRgNIA2AJhB1M,1884
1885,ChIJZ2ZBXLvoRxMRkrBGsmwcdF0,1885
1886,ChIJUXQT3M_pRxMRFdmmumq1Fkg,1886
1887,ChIJpVdwxdzoRxMR5Ji36N9_m9U,1887
1888,ChIJkUDW1MLoRxMRBXZe0PJeM-U,1888
1889,ChIJGVIWkJToRxMRJNWwe1K-ySk,1889
1890,ChIJ_Rw5dJjpRxMRfr13BCJ2NkM,1890
1891,ChIJq7zXh6LoRxMRzfgj30E8kyc,1891
1892,ChIJL9x_hpjoRxMRxeT4ZB9DAWc,1892
1893,ChIJgQXphpjoRxMRn6Nwb36yY90,1893
1894,ChIJDUIysd_pRxMRHYJLkKP6cxw,1894
1895,ChIJh3M9TCLpRxMROK_T0hWf1lg,1895
1896,ChIJg7L3NorpRxMR9PWeLHPyoMY,1896
1897,ChIJifoSKeHpRxMRl2-BORP2l-4,1897
1898,ChIJl94loWrpRxMRLGcaxHSIcAQ,1898
1899,ChIJyZH-xZnoRxMR_Mv16EqKEIc,1899
1900,ChIJr5X80ZnoRxMRrPxViTowo7s,1900
1901,ChIJrc4f_5npRxMR6tKhXjkPOMk,1901
1902,ChIJpaUceeLpRxMRTq_JIkQFpZU,1902
1903,ChIJ3yFyfuToRxMRViFgt4a1szM,1903
1904,ChIJ0Z8FDi7pRxMRd4ud-YkAbp4,1904
1905,ChIJBbv1NOXoRxMR2Sr5MqnxCvU,1905
1906,ChIJ__8LLOPoRxMR9u2ScPqlDCA,1906
1907,ChIJQdjmsO3oRxMRjzKkymJcrbQ,1907
1908,ChIJe-ps1u_oRxMRAOBzgRso3UE,1908
1909,ChIJm2U2UG3pRxMRClXRJZY2CPQ,1909
1910,ChIJ0wyqNezoRxMRaBCRWSEj35E,1910
1911,ChIJKbIXNezoRxMR2PgWFIrSFeM,1911
1912,ChIJH9v3VDXpRxMRoibXLyQQJSU,1912
1913,ChIJQQcisrPpRxMRNfZy0qS5xO0,1913
1914,ChIJF7sW2FrpRxMRqCYvAF9MYc4,1914
1915,ChIJF-h4HvLoRxMRLLvJK8LbNvU,1915
1916,ChIJ2dRYQOrpRxMRHBA8w6MlANM,1916
1917,ChIJYbVlSK3pRxMRbrNF_1yX9IU,1917
1918,ChIJFzY4L_LoRxMRX6ug6C8qNLA,1918
1919,ChIJhZmOHu7pRxMRttQwEjEJkMo,1919
1920,ChIJZ1HZQ_LoRxMRGoK0bh50cFY,1920
1921,ChIJzdtDtOzoRxMRZu_N2HysjDQ,1921
1922,ChIJZfeK_X7pRxMRZp9Kc6XyMO0,1922
1923,ChIJX0_-LgfpRxMRVxwQcuYwBUw,1923
1924,ChIJSwGMtJLoRxMRY_-bRX-UOhQ,1924
1925,ChIJccsmfPHoRxMRan1YKljqKw0,1925
1926,ChIJP8SL6vLoRxMRrSeeFTb6cMA,1926
1927,ChIJK5ZatJLoRxMR-QOlWd7LMX0,1927
1928,ChIJdcJ2yJLoRxMR46lG6brdqBE,1928
1929,ChIJ_-SMhpPoRxMRtOSczOvOP8A,1929
1930,ChIJVX-Jr5PoRxMR8zXunUThuZ4,1930
1931,ChIJkVxj_JLoRxMRpW29KKU84y4,1931
1932,ChIJzbT8y2LoRxMR3g8T_OFEVY0,1932
1933,ChIJFSDr25DoRxMRAQ4qM5llQpg,1933
1934,ChIJ78tKf43oRxMR2UiRxzsbKZU,1934
1935,ChIJ6z4PozLqRxMR_qf9RX11TwA,1935
1936,ChIJ_0a_t5rrRxMR_k8BBj2jq6k,1936
1937,ChIJ760REzzqRxMR6wvMgGkNRgg,1937
1938,ChIJ9R7paDnqRxMRYrlg-Oi9R84,1938
1939,ChIJA4O65vfrRxMRYJBH3a-SbMI,1939
1940,ChIJkf8O0CnqRxMRdEqNf5uGaSY,1940
1941,ChIJy0p_niTqRxMR6HPN3jYe6b0,1941
1942,ChIJc5Uf1HfpRxMRRO5PgEe0Q5c,1942
1943,ChIJbyH3PHXpRxMRNU9-Xe72m0Y,1943
1944,ChIJnxwQcGDoRxMRNNHGvOrS7j0,1944
1945,ChIJWcfFyQjpRxMRIYanSuTk0eM,1945
1946,ChIJC9IPYQbpRxMR_jvNrYGqzwE,1946
1947,ChIJN8g3Pf_pRxMRG0zm8FgU9Yk,1947
1948,ChIJo9R6SLnpRxMR4RcRBg5brNw,1948
1949,ChIJgxK1AgXpRxMR8rNkwtLhJNY,1949
1950,ChIJGbz8bw7pRxMR5VKo-quJHIY,1950
1951,ChIJc52vDP7oRxMRHTUMh13jmnQ,1951
1952,ChIJP7fzN_zoRxMRnCJ19l7dfHk,1952
1953,ChIJS-wHmwPpRxMRl3cOWmh95vs,1953
1954,ChIJv0nabALpRxMRTvsHVYivPnk,1954
1955,ChIJFyvY5QDpRxMRqD4NNG5tltA,1955
1956,ChIJ75ElMALpRxMRWUwdaS3sIvU,1956
1957,ChIJ9y1dlAPpRxMRSB88rXWuJ2M,1957
1958,ChIJzeJ8S2DpRxMRDqRrkXImFcw,1958
1959,ChIJVVINEMHpRxMRfX1xQXXVY0k,1959
1960,ChIJU4q_vgHpRxMRt27ZqXNxH-Q,1960
1961,ChIJU0DgkP7oRxMRMMVVQJTeIu8,1961
1962,ChIJFYhY8ADpRxMRrBj7IeJxaR0,1962
1963,ChIJkwwksd3pRxMRzBAoWctVuhE,1963
1964,ChIJlRF4dwDpRxMR84T7sukZ-ws,1964
1965,ChIJ7USE8v7oRxMRXex-YbiO4nc,1965
1966,ChIJ5TVSAgDpRxMR4ys94dNbZU0,1966
1967,ChIJRSFHHoLpRxMRf4lnRYK5qIo,1967
1968,ChIJqcJLaHjpRxMRPH1iyslA0UY,1968
1969,ChIJh27r-oPpRxMRIWXd6pKf75M,1969
1970,ChIJBSXzOBfpRxMRgVYcgpI_ewg,1970
1971,ChIJNbKNWYPpRxMRZ6if36i0CwI,1971
1972,ChIJqVe86XbpRxMR4Z7Jwj2ggyI,1972
1973,ChIJ0_TZdEzoRxMRhV5s-u_VR4o,1973
1974,ChIJyec77Z3pRxMRiZXD5zlkICE,1974
1975,ChIJTRa4CWfpRxMRmweMMiKDBdw,1975
1976,ChIJJbC2mnfvRxMR1eH7qI9uNAk,1976
1977,ChIJJSBucpzpRxMRoKhLUQjGJgM,1977
1978,ChIJi99HcpzpRxMRK-QOgbx9elM,1978
1979,ChIJPX19A5zpRxMRsn26V3kqHI0,1979
1980,ChIJdbStdQrpRxMRlBpPh8Jvjm0,1980
1981,ChIJzfiBkafpRxMRLuW05zbwB0M,1981
1982,ChIJ83C4hqnpRxMRRERWNaJ67XQ,1982
1983,ChIJVfYVuqfpRxMR4NLzZzEbqUk,1983
1984,ChIJ3_IIK6npRxMRN2gaJVlQhXA,1984
1985,ChIJ5T5FjKbpRxMR8kftQPQGxxo,1985
1986,ChIJ91sTM6npRxMRrN4Lilln4UI,1986
1987,ChIJJa5Ueq_pRxMRYlXz23QB39M,1987
1988,ChIJFVlqqq7pRxMRxGkWpy_93S4,1988
1989,ChIJg8WYzqrpRxMR_AFRCqGv2rQ,1989
1990,ChIJDW9f86rpRxMRXwukXvNHHvQ,1990
1991,ChIJ3-rzWFToRxMRo6eABZiodC8,1991
1992,ChIJr9d81hqbRxMRSX4AlwDNtjc,1992
1993,ChIJGf8dW1PoRxMRTBTvHH4Ibdg,1993
1994,ChIJZXqATarpRxMRCgldfiqjWHs,1994
1995,ChIJ2ZX31VToRxMRnZ2sd52MJ7w,1995
1996,ChIJNyVcnFXoRxMRjUcT16Wy8LI,1996
1997,ChIJy-lqZBfpRxMRgcaZ-YoBTuY,1997
1998,ChIJIaPlFFnpRxMRqhQ8xQ8gP2Y,1998
1999,ChIJEeML-v_oRxMRpkcBXxI2u4o,1999
2000,ChIJh7L8X1XoRxMRVTHbcKP7so4,2000
2001,ChIJ5_qzAlXoRxMReNlAsd7QoWc,2001
2002,ChIJVXRWQbDpRxMRC_9DuP9nOWU,2002
2003,ChIJTUxJqazpRxMRVweQQxZN0o4,2003
2004,ChIJrUiR-_PpRxMRjysm5WHvmxY,2004
2005,ChIJm447C6zpRxMRH5OD5V5uBwE,2005
2006,ChIJ3-3n9FXoRxMRmEhYGfNLboQ,2006
2007,ChIJ_d9zx33pRxMRfApnPxYxX6k,2007
2008,ChIJH2-sdKzpRxMRrkv7y4UQWao,2008
2009,ChIJlV17Hf_oRxMRuriPXqZkxXE,2009
2010,ChIJq6qqqlPoRxMR70Li1JfMzCI,2010
2011,ChIJ8ymu71PoRxMRgqtuiXhng_E,2011
2012,ChIJ7Wj8n7rpRxMRrvOT5kOmDTY,2012
2013,ChIJn6wCDUDpRxMRYWyW_UHTtrg,2013
2014,ChIJxer0h67pRxMRTehM6he5WIE,2014
2015,ChIJiwoU67rpRxMRJL-hh-Lhsms,2015
2016,ChIJv_PPuk3oRxMRWytgKVdPVRM,2016
2017,ChIJG7AUQVLoRxMRl5i3SN8XhQE,2017
2018,ChIJsS7PYbPpRxMRlmmE638tuus,2018
2019,ChIJsydHdUzoRxMRxIVhVDxufVk,2019
2020,ChIJsTh5dUzoRxMRl1b-oc8eCJ0,2020
2021,ChIJw3RBWFHoRxMRegDUfc60buw,2021
2022,ChIJnexgTEvoRxMRZ00ifyvmBz8,2022
2023,ChIJIRbvAffpRxMR6ZUTwTYeqwc,2023
2024,ChIJa0JBa03oRxMRH7UWHX1R4HI,2024
2025,ChIJNYc5flLoRxMRHYO_wn8EpWs,2025
2026,ChIJZVV4S2vpRxMRkohAo2CCTmg,2026
2027,ChIJrenpK7PpRxMRhbQCLVKKRxQ,2027
2028,ChIJl5esf5TpRxMRC9Ke2-HZ34A,2028
2029,ChIJQQa8eEzoRxMRa55OmMO3rvY,2029
2030,ChIJHTykt87pRxMRTKXDBRnLZ1M,2030
2031,ChIJ1c2_YkvoRxMRHyfYnDlGrg0,2031
2032,ChIJBzTUG7TpRxMRO-x5-YDSl78,2032
2033,ChIJB392fkvoRxMRqcOYaFWIRis,2033
2034,ChIJP-7KGE7oRxMRI4q0b1H54YM,2034
2035,ChIJS9kziEvoRxMR1GyktR3qZSU,2035
2036,ChIJiYpLQKXpRxMRbYHGXmtr0vQ,2036
2037,ChIJkfNRferpRxMRbIYBHonIRRY,2037
2038,ChIJ-dgAupPpRxMR234zE2wQCq0,2038
2039,ChIJU0upGrXpRxMRVmEATwbSTKQ,2039
2040,ChIJZ9-a_LfpRxMRD8gobFk0rI0,2040
2041,ChIJ9-q3PojpRxMRLTkn6KiwZ3M,2041
2042,ChIJB9-pycnpRxMRjffwHx3H5kM,2042
2043,ChIJNxaBxsnpRxMRONvppXstoL8,2043
2044,ChIJzf_SsuzpRxMRkjdAqbu8_-s,2044
2045,ChIJVzR7PEvoRxMRo_fPH7DWKW8,2045
2046,ChIJf0bzWkroRxMROCPsk1PEB2k,2046
2047,ChIJWzclv0roRxMRk4pKhc6cuCM,2047
2048,ChIJgwswn0roRxMRtugZA_QvuVg,2048
2049,ChIJL4a76k7oRxMRsZA2D7b6Yr0,2049
2050,ChIJnwIyVUroRxMRiy3GczQQ4jQ,2050
2051,ChIJJ_hS5YXpRxMR32NORsN5Ojs,2051
2052,ChIJjwtldUvoRxMR7HNgUWESIhI,2052
2053,ChIJ45jhWUroRxMRrR5H0q6DmJM,2053
2054,ChIJt6rMKDnpRxMRWG4GDuroh60,2054
2055,ChIJ6yDGVzXoRxMRLNAGaGgLEsc,2055
2056,ChIJ0YnXKUroRxMRXJVCX9MxfDs,2056
2057,ChIJfZCObRrpRxMR_LXfq37G_VE,2057
2058,ChIJdUHQYDXoRxMRvVHys9eYKTg,2058
2059,ChIJZ-tXDaLpRxMRUOzKp88T1Vc,2059
2060,ChIJefOVSMLpRxMR03rwZTgaBqM,2060
2061,ChIJPUh8YM_pRxMRqOsDGPTLpKU,2061
2062,ChIJB7jLJV3pRxMRgOfTyHw7ZEc,2062
2063,ChIJS6hwsjDoRxMRkodd4eZM4w4,2063
2064,ChIJ1crCR37pRxMRHFQGG_7fkDc,2064
2065,ChIJ69Arj0roRxMRtcT3hgllIg4,2065
2066,ChIJSXv2ky7oRxMRsBNs8zswcjo,2066
2067,ChIJmR53FbHpRxMRmZZmW-_nHbE,2067
2068,ChIJ453U-f3pRxMRPJ8zNdmO4ec,2068
2069,ChIJP4pW7wbCRxMRBypoRpaUBCc,2069
2070,ChIJV7bu3AXCRxMRIrwxlOLV0_I,2070
2071,ChIJZdiMbCjoRxMR-_lWZxUgnpY,2071
2072,ChIJ5wVt4nTDRxMRGKWnAyim3O0,2072
2073,ChIJo0rHCg3pRxMRQ4Ru1_zNWQs,2073
2074,ChIJfe1PlofpRxMRgget52d6Adg,2074
2075,ChIJ2VsbtYTCRxMRlstWBItXio8,2075
2076,ChIJafLpjprCRxMRJKAjUabM8l0,2076
2077,ChIJ1w6fFJvCRxMRn4T_vWSHHVU,2077
2078,ChIJ3RcrQRnDRxMRtgOOno0f3gA,2078
2079,ChIJO2OSXUHDRxMRanUI53aYf4E,2079
2080,ChIJD9hE6ZHDRxMRG2icsZiCEHU,2080
2081,ChIJ7VLNgR_DRxMRSwy61axqegs,2081
2082,ChIJEc5xYYXCRxMRFMTh4TTnvZM,2082
2083,ChIJEc5xYYXCRxMRmO63-AIhdJU,2083
2084,ChIJ1Xl3wFrCRxMRfLC5DOibFRw,2084
2085,ChIJ48QcT1rCRxMRhJwWAkbGHws,2085
2086,ChIJ7xsKkJTDRxMRXxA_7Z7o3OI,2086
2087,ChIJwz3u32TDRxMR1RzHJBnqqp0,2087
2088,ChIJwWmq6lrCRxMRLjVSR7C8G6Q,2088
2089,ChIJ6_q58TvoRxMRxezhgPTsJAs,2089
2090,ChIJ07DGUzroRxMRhxHcItoqol0,2090
2091,ChIJ2wBVbjnoRxMR2Yg7Ji3eAsc,2091
2092,ChIJ-R4u_jvoRxMRAnjvawKl1og,2092
2093,ChIJe1gzMzroRxMRfEVCRbefJyU,2093
2094,ChIJP6h4D0nDRxMRw1gRurphsJg,2094
2095,ChIJC5BZ69XDRxMRpmJNxIyXhZE,2095
2096,ChIJKxmUb4rDRxMR_91dGfn7rmg,2096
2097,ChIJ2_2sXCDoRxMRtz0rP-rrTCo,2097
2098,ChIJM3JP-6PpRxMRuILK3g4fndM,2098
2099,ChIJnVn_BnbDRxMRYmLFjD4tjPw,2099
2100,ChIJrb6PCZnCRxMRzCAqAq08QCQ,2100
2101,ChIJdz25Tw7DRxMRyclLFoKJGO4,2101
2102,ChIJ7R_mDffDRxMRcJ69EWvIaMg,2102
2103,ChIJxU5mBgPDRxMRw1OD1629KeU,2103
2104,ChIJbWvhVnbDRxMR74VF77F-4_A,2104
2105,ChIJldjbkg_DRxMR2BTtHODIg54,2105
2106,ChIJufqJVXLDRxMRme_VmXS-EHg,2106
2107,ChIJFSu--nLDRxMRDIZp37jsCrw,2107
2108,ChIJz4rg1c3DRxMRLcpssuvcWDM,2108
2109,ChIJYzp55XLDRxMR6Q2zRd5Fd_Q,2109
2110,ChIJzbRYew7DRxMRwtMNwmCOYHM,2110
2111,ChIJlY471m7DRxMRf8I_6xDGY2o,2111
2112,ChIJSxCqeJ3DRxMRgfojvudvuxk,2112
2113,ChIJMehQuETBRxMRNMUpIzqr7Po,2113
2114,ChIJvxEt6WHoRxMRhVh79SPG2uY,2114
2115,ChIJ4-nEoEbDRxMRVCewvXgfYxg,2115
2116,ChIJtSPW0gDDRxMRLEFXjcDoJuQ,2116
2117,ChIJ4ZKkSZfDRxMRLoauxCu6VCQ,2117
2118,ChIJ4zNeZZ3pRxMRCdx8L6sLURc,2118
2119,ChIJJ45baXnDRxMRlcMK2No3_Ak,2119
2120,ChIJ2dEQP3nDRxMR8eeS8rAIeQw,2120
2121,ChIJ9aipaXnDRxMRGwhuWSROD00,2121
2122,ChIJDykiQ3nDRxMRLabAsztMgfw,2122
2123,ChIJ0a5_g3nDRxMRM-B0wIOgbW4,2123
2124,ChIJx_I90nDDRxMRqYp8SK8ELuw,2124
2125,ChIJx_I90nDDRxMRleBd_ZXQeZk,2125
2126,ChIJSR5nXQvDRxMRRrxvtrMqgKE,2126
2127,ChIJh7FmI6rDRxMRHmgy73ND970,2127
2128,ChIJ9RPpmYfDRxMRV7KET7tGXEU,2128
2129,ChIJv6wE4APpRxMR5RWqrNfVrIM,2129
2130,ChIJz51pfXnDRxMR2YSb4KNt9Ss,2130
2131,ChIJrVPefXnDRxMRsQG-yRZA67Y,2131
2132,ChIJZzqBD3nDRxMRD6H5aLsxLnw,2132
2133,ChIJ_z4YhU3DRxMRQbRau3tErB0,2133
2134,ChIJIcWmQ3nDRxMRQHKkw0r_dj8,2134
2135,ChIJz_lAZA_vRxMRFpgd8Kbrd1c,2135
2136,ChIJ30LOaHnDRxMRa6isXkiaXQg,2136
2137,ChIJwwUGWHnDRxMRWdyQoNkfp9I,2137
2138,ChIJ2czwaRXDRxMRo9xjF6gOMQc,2138
2139,ChIJcV4n5HjDRxMR4h7T4SmHaNA,2139
2140,ChIJ5-wrW3nDRxMRUmuFamf7ma4,2140
2141,ChIJt8MsRaTDRxMRYiOsO7FZQOU,2141
2142,ChIJK4Ha_3vDRxMRClEbeRzuEtM,2142
2143,ChIJ68iUUXnDRxMRia8IpFHaNM8,2143
2144,ChIJHzRb_nvDRxMRFHYSeQOBNVI,2144
2145,ChIJ65rvU3nDRxMRXSxZENRuQu0,2145
2146,ChIJfyD7PwDDRxMR8GTfSgbLFK0,2146
2147,ChIJL-T5UXnDRxMRfTHxG5zmSu0,2147
2148,ChIJU3wCnn7DRxMRV1p3K2afp4k,2148
2149,ChIJsQcbAnzDRxMR9cKpPuMfrOc,2149
2150,ChIJQykLVHnDRxMRZixFFiUp7DU,2150
2151,ChIJy-hJmQPDRxMRYmp2uVyYoi4,2151
2152,ChIJ1V3qA3zDRxMRsN4dSgrwXcc,2152
2153,ChIJq-xaAXzDRxMRAzrn74A5AY0,2153
2154,ChIJQykLVHnDRxMRaKziTKlvKBU,2154
2155,ChIJQykLVHnDRxMRm11MU5mMKGI,2155
2156,ChIJSZEb5X7DRxMRUW015bGCoIE,2156
2157,ChIJH-f6inTDRxMR_63mpFkDM_c,2157
2158,ChIJlfWhkn7yRhMRm1_NLV3jJIk,2158
2159,ChIJcX6u1ePFRxMRQ8TdvXMfA5s,2159
2160,ChIJEe7BNvjoRxMRuQUqhyj03w8,2160
2161,ChIJf2IoOfnoRxMRJhI6LCRiFEo,2161
2162,ChIJsxiePPjoRxMRXA-ZLYRHHl4,2162
2163,ChIJiSJis_7oRxMR7Xugaq_0xk8,2163
2164,ChIJvWsWzPjoRxMRpPFImh6c588,2164
2165,ChIJEYYj9APpRxMRzV16vpsFWfo,2165
2166,ChIJVzUn07bpRxMR9CJ88x4_0ZI,2166
2167,ChIJaaC_VD3pRxMRzP0eAOlLoqo,2167
2168,ChIJ9R0ypZvpRxMR6PLS8eJ75Q0,2168
2169,ChIJL0gRg6rpRxMRTmglnefirZE,2169
2170,ChIJKSt7XiTpRxMRw-uXt4T5mhc,2170
2171,ChIJw7fNRlTpRxMRmMTvzVSoH8s,2171
2172,ChIJV4iAjDfpRxMRrrp7g5d4za4,2172
2173,ChIJQSAq1VfoRxMRXbNdFhlqLo8,2173
2174,ChIJV5BsU__oRxMRYRg38H7u_0E,2174
2175,ChIJAaEvqg_pRxMRM-LLgsYtpxk,2175
2176,ChIJ9U_ERvXoRxMR--Y9wj0rpkk,2176
2177,ChIJm3MDS_XoRxMRtF0HqCfszKA,2177
2178,ChIJO8trHWDoRxMRG_mAZaAdAqw,2178
2179,ChIJu7pcTfXoRxMR1vqC0YQu-58,2179
2180,ChIJedoVB_PoRxMRstsBW1Oqqz4,2180
2181,ChIJH_wlGvToRxMRwocA6qCgUbg,2181
2182,ChIJS2pXZPPoRxMRK2_UCnCtHyM,2182
2183,ChIJd8afi_ToRxMRjMsiheWfqRY,2183
2184,ChIJm0z4OfToRxMRH7XT9vxmiek,2184
2185,ChIJaf_6OfToRxMRR0i04z_w6Fc,2185
2186,ChIJLwxVXPPoRxMRVZSArIpGZgA,2186
2187,ChIJgwOM9_ToRxMRz31mhl0T1mg,2187
2188,ChIJV733mWvpRxMRwOeujGUm-5o,2188
2189,ChIJSwWIv_ToRxMRHcsdgFQkGmE,2189
2190,ChIJfVnHyozoRxMRfojxW3Hr-AY,2190
2191,ChIJHylt1GHpRxMR2P-LlGyG6v0,2191
2192,ChIJc65WaPXoRxMRb6BWx6pLISQ,2192
2193,ChIJlXAHXovoRxMRFe9ii5oW4cA,2193
2194,ChIJGc59Q1XpRxMRJH6fieX9NHA,2194
2195,ChIJK0dKW-npRxMR9CykP7We4KE,2195
2196,ChIJ2V_M34zoRxMRDiXNaprfjeg,2196
2197,ChIJG-NO2IroRxMRpb1ZiThwYTg,2197
2198,ChIJs55IwZDpRxMRLqPNd2Sg_AU,2198
2199,ChIJ2e0V2YroRxMR57RyqNQpvRw,2199
2200,ChIJHQWgm4zoRxMRwj4JVcbR2I0,2200
2201,ChIJI6gaPFbpRxMRpJ_QbA04WzM,2201
2202,ChIJgQE-8wnpRxMR5FZZtpeiVy0,2202
2203,ChIJgcoQTvXoRxMRcMVPY_rcLE0,2203
2204,ChIJp0qDjYroRxMRuJrIHl0-FqE,2204
2205,ChIJo3MUjIvoRxMR2pbDNEDB4mc,2205
2206,ChIJK3QPiIvoRxMReDkg3-tsQcY,2206
2207,ChIJx0YLcoroRxMRDiVZYt1P5Bg,2207
2208,ChIJ2Ra621LpRxMR1VOVtT87EpM,2208
2209,ChIJLXusMq3pRxMR9H503K_--24,2209
2210,ChIJp7z1e4voRxMRo5WMrPa0feA,2210
2211,ChIJ14vIs4voRxMRNuplby0_-ik,2211
2212,ChIJrSIUdoroRxMRzF2Z0Fr5cXo,2212
2213,ChIJ0xNXBnbpRxMRIM1JntIdwYI,2213
2214,ChIJgyFBcoroRxMR04mB_LXEncQ,2214
2215,ChIJeS6uG4roRxMRbPKRNGqBA6E,2215
2216,ChIJAV3q-i_pRxMRH-yiQbJkG60,2216
2217,ChIJUSIWaYroRxMRmqTDPDeakE8,2217
2218,ChIJMULoWoroRxMRnr6LaxlF_Kg,2218
2219,ChIJQ-AgYIroRxMR0Ab3oJ_QAhM,2219
2220,ChIJtwsBcoroRxMRt684XKDOoXM,2220
2221,ChIJbQLfWoroRxMRd0U-G7DE0lM,2221
2222,ChIJ6WoEU6DpRxMRYGj59dQjaCU,2222
2223,ChIJl6ZJiYroRxMRHwzj_75JyFY,2223
2224,ChIJiWbt377pRxMRS6N9yUPyVpA,2224
2225,ChIJOfZsW5LpRxMR3Q9VOYbyXp0,2225
2226,ChIJI8SCiYroRxMRKGDPdPCqGTE,2226
2227,ChIJPwntfj_pRxMRg_PTqHm2C74,2227
2228,ChIJ3YHcl1joRxMRWQMlRXNTm2M,2228
2229,ChIJV1dXcljoRxMRoRoQdahGMSM,2229
2230,ChIJBfzuHlfoRxMRLzJPgZ631r0,2230
2231,ChIJCUEErFnoRxMR9T4egqXamUg,2231
2232,ChIJZZ-cJVHoRxMRB54ljowTy0Y,2232
2233,ChIJAQCQ81joRxMRkAB8mGAmEXE,2233
2234,ChIJmbwLJvboRxMRePtDn0RqUP4,2234
2235,ChIJ6Rllb1roRxMR_ZOjXJaoUQc,2235
2236,ChIJ7SrJlFDoRxMRRM106kDu3z4,2236
2237,ChIJdwcWxPfoRxMRH86JcMFDv1k,2237
2238,ChIJZfDtU1roRxMRgHpg49hATOk,2238
2239,ChIJWxDQaFroRxMR6jEcaPfbGuE,2239
2240,ChIJc6sZVVDoRxMRSxl_wgJX0GY,2240
2241,ChIJnUrTM1boRxMRTttpcmpHf0w,2241
2242,ChIJa6wcrFfoRxMRVZQNotjovOE,2242
2243,ChIJ9zm1oVfoRxMRHEOiVGLZsj0,2243
2244,ChIJAb6KVVboRxMR2yS682EzkH8,2244
2245,ChIJxTiXJe_pRxMRn6buRjmubRk,2245
2246,ChIJQf5xCZDpRxMRWIKdNtDTo-Q,2246
2247,ChIJ1Rtj11noRxMRmHvhhVH1qlU,2247
2248,ChIJ7YgjJFjoRxMRyM1RFH7KgPY,2248
2249,ChIJ4xYCo9DpRxMRY2JJP6dZtRA,2249
2250,ChIJobeIGljoRxMR_k5XpZqRCb0,2250
2251,ChIJRYlMOlfoRxMR74TelxPXjNE,2251
2252,ChIJuZhgXFfoRxMRVJEZ0G1LUI8,2252
2253,ChIJQ8Y5N1XpRxMRwXR2i3IBU3U,2253
2254,ChIJvzQSi1joRxMRwzVAGZQ77R4,2254
2255,ChIJdUbctwzpRxMRELW6GqnH5vE,2255
2256,ChIJ-cyBflXoRxMReu0xAX3p5So,2256
2257,ChIJV9gmcsTpRxMRyh04Cx7j2_s,2257
2258,ChIJgf9RjFjoRxMRzQP4Z5DnbCw,2258
2259,ChIJB_L241_oRxMR01V0YAdHwdo,2259
2260,ChIJHwJEtmDoRxMRXWOAm7uUkd8,2260
2261,ChIJhXcaOmfoRxMRS8WNy_ejDso,2261
2262,ChIJedWXhF7oRxMRRF9aTZ_lHgk,2262
2263,ChIJQ_8Ell_oRxMRlcRX-iRlbBs,2263
2264,ChIJ2eT-jl_oRxMRHJeRZFr_WgQ,2264
2265,ChIJM134yF_oRxMRaAktxzutQWg,2265
2266,ChIJi1lzNV7oRxMRLYtfiD_PPGg,2266
2267,ChIJDXRNyF7oRxMRUZ9y1eWx_9A,2267
2268,ChIJEahqMmDoRxMRGepFAEqYFhM,2268
2269,ChIJbQ2vXYPpRxMR-Xt-3KCP-lk,2269
2270,ChIJRzOBj4roRxMRKicCj1trJ0g,2270
2271,ChIJHwD0pGHoRxMRxM0l3ZrGhLU,2271
2272,ChIJIUuDRmToRxMRYEx5LbwkbfY,2272
2273,ChIJNZIgoF3oRxMRUD-0QuHrw3Y,2273
2274,ChIJrT77p2HoRxMRx8wOYpUISho,2274
2275,ChIJZzzc7FvoRxMRRM1qR868LD0,2275
2276,ChIJ5ZAkjl7oRxMRC7buytlIcJw,2276
2277,ChIJlUM8P2DoRxMRqBVYQs5NU_4,2277
2278,ChIJ4Vw9ll_oRxMR105UrxLrFcU,2278
2279,ChIJzWDZK17oRxMRqZJlGE5ruwk,2279
2280,ChIJbWO6DWfoRxMRvwoaWseOhrE,2280
2281,ChIJf0ZMzV3oRxMRfEVfm00rydg,2281
2282,ChIJ3dNkfFzoRxMRRVbLnYEtnh4,2282
2283,ChIJWQuHhF_oRxMRj4CZL4rnLwc,2283
2284,ChIJF0uNcWDoRxMRZ1kPHJifKOY,2284
2285,ChIJ66DVD17oRxMRXkBDslcw6sM,2285
2286,ChIJKb37M17oRxMRoFTI6YmIQ_A,2286
2287,ChIJv8utAl7oRxMRkLsCBt8xh2w,2287
2288,ChIJZ4YZ_F7oRxMRRiCuGUc_J5A,2288
2289,ChIJ-borA1_oRxMRm7S55AAHH7Y,2289
2290,ChIJ6VVjxqzpRxMRcSWiBH6ejwc,2290
2291,ChIJr-blgAnpRxMRX8xl_ej_P0g,2291
2292,ChIJQcy0Ps7pRxMR83wKwv-a-Do,2292
2293,ChIJn9C6EE_pRxMRGviVgy0B2g4,2293
2294,ChIJUWjCvFjoRxMRU9HPDEZFKNg,2294
2295,ChIJN3zbl1joRxMR-8l7VWPc6E0,2295
2296,ChIJT2FKwljoRxMRVafyJ9UtVOA,2296
2297,ChIJZ6VaYUHpRxMRsHdISObS_nU,2297
2298,ChIJ_a_EV_XoRxMRfY7s-KLL_Zc,2298
2299,ChIJl_Q_syXpRxMREz7dDdovtjc,2299
2300,ChIJbyHacoLpRxMRxiFWTjsI-no,2300
2301,ChIJuwtSQozpRxMRJ2oiRYMFziA,2301
2302,ChIJt9j3_V_oRxMRINiGg0lMhCk,2302
2303,ChIJKe-8uYroRxMR7ZmRUQ4VPGM,2303
2304,ChIJrVA1pnnpRxMRERdcR-0bslc,2304
2305,ChIJ0VDYG77pRxMRbdzC5-Uc4fk,2305
2306,ChIJXyuO3YvpRxMRzM0CsPIQiKU,2306
2307,ChIJNwt_I2DoRxMRe1cGZpG2pAc,2307
2308,ChIJc8ZhI2DoRxMRQL6IIFuAm-0,2308
2309,ChIJIb89cGDoRxMRcJq2GJJnE8Y,2309
2310,ChIJyy2EG0zpRxMRiwGKtl4cgCI,2310
2311,ChIJ9yrvTRXpRxMR8PhOwmVQa9I,2311
2312,ChIJrRUUhYroRxMRHzbJhWnSDGg,2312
2313,ChIJYSJ6RGDoRxMRdljyOYysXtc,2313
2314,ChIJO3UsA2jpRxMR5yeq98EAwtQ,2314
2315,ChIJBSfrGFnoRxMRN1GB2F4dyFs,2315
2316,ChIJ-4AHIUDpRxMRH8OBuOl-D3A,2316
2317,ChIJ1xF0iWp4h0cRxilDLhHpVwc,2317
2318,ChIJVUktr1_oRxMREptXyvh_p70,2318
2319,ChIJ8yknfczpRxMR2QkoOR7sLWg,2319
2320,ChIJxUd3Zb3pRxMRxbKyWCzaBvE,2320
2321,ChIJ-Tq_9l7oRxMRfIIIe70TMyQ,2321
2322,ChIJ6Yk89F7oRxMRlI90bd8cuP0,2322
2323,ChIJa2wGkTTpRxMR2V5xdYfh2jA,2323
2324,ChIJUdfiOabpRxMROOast_qDaeU,2324
2325,ChIJeSIZaMzpRxMRk7ndV7Kp_9w,2325
2326,ChIJC9FEdF7oRxMRe4U5r6awUm8,2326
2327,ChIJIU3exO3pRxMRSWiXV2HtvaU,2327
2328,ChIJI5_2R0vpRxMRJ8ngRBYQx3c,2328
2329,ChIJtRyZpQ3pRxMRyh82l5wwFv0,2329
2330,ChIJG5S99lvoRxMRdqDHkx9RtkM,2330
2331,ChIJf3t-LVzoRxMRNKAf0dGNle8,2331
2332,ChIJK-3riU_pRxMRkVq_kU1MgQI,2332
2333,ChIJ8-9RLVzoRxMRxwtZ7HWW1UI,2333
2334,ChIJja0tVrLpRxMRvPlSpxKKFGQ,2334
2335,ChIJxS_MwxbpRxMRrr5WTgjG8ls,2335
2336,ChIJcyusXBvpRxMRlbnkDrbWI-o,2336
2337,ChIJbWzG48fpRxMRjFU7-SP9dcA,2337
2338,ChIJv51sMV7oRxMRXJvJIiMVthY,2338
2339,ChIJvVAvMCTpRxMR08Smkj081k0,2339
2340,ChIJ3y0i5wXpRxMRarzDJOmQADI,2340
2341,ChIJw10yR4npRxMRlzDc6U5cjLE,2341
2342,ChIJcwLdJ2jpRxMRYwacDjyHt50,2342
2343,ChIJzShCNV7oRxMRC098z23rHFE,2343
2344,ChIJoUXb2FLpRxMR8byzLfG3XDA,2344
2345,ChIJn9u4OKzpRxMRxoVVd_CexpA,2345
2346,ChIJFw8IZGnpRxMRYS60P-TRStY,2346
2347,ChIJUzGyekPpRxMRogLAVKe6NJg,2347
2348,ChIJ-6k5iWDoRxMRMvQocFl1vgw,2348
2349,ChIJyZDTywLpRxMRqkrl_LP-l8A,2349
2350,ChIJb3k1imDoRxMR_Az-hatlsiM,2350
2351,ChIJSWypVHXpRxMRrmZvdgi9aPs,2351
2352,ChIJw5_RbF7oRxMRD4yijJWw83o,2352
2353,ChIJlyiDugnpRxMR6I57nEqGGoQ,2353
2354,ChIJUcP0we3pRxMRKeYzkmFUW58,2354
2355,ChIJi3JcRGDoRxMRmq40J8QEm7s,2355
2356,ChIJsTJ79OHpRxMRwVNjASOqYiU,2356
2357,ChIJU6z4RGDoRxMRMyOwWiT4luM,2357
2358,ChIJtYDlRWDoRxMRrUolYErylNQ,2358
2359,ChIJAVvypHHpRxMR5No7iOs7asM,2359
2360,ChIJVQD9crnpRxMR1iYDp3TlnIs,2360
2361,ChIJZcz0IivpRxMR-7ko1g-Npe4,2361
2362,ChIJhes4LmvpRxMRL9ojxCbsfNs,2362
2363,ChIJ9Z9QUGfoRxMRnu3-e0y7wfs,2363
2364,ChIJ4d51DmToRxMRgDtMXKR_5js,2364
2365,ChIJZ2hbgGToRxMRlYGclzObVVg,2365
2366,ChIJI5NsR2HoRxMRvv1iEZJWYFk,2366
2367,ChIJaZw5smboRxMR8OJxYTcCaDk,2367
2368,ChIJ8-dME2ToRxMRmymx2LHkqps,2368
2369,ChIJJ991DmToRxMRXA-tdKziiVg,2369
2370,ChIJv3W49GHoRxMRjwolza9lJFE,2370
2371,ChIJzRA5umPoRxMRwDA_NgQghfM,2371
2372,ChIJzT8r_GLoRxMR8zUCVlw0xxs,2372
2373,ChIJY6b3_0LpRxMRPkunYqz_IT4,2373
2374,ChIJSapebWHoRxMRoyz37i6DENo,2374
2375,ChIJWwGwh2PoRxMRPnwgi3MkUyc,2375
2376,ChIJBTelBF_oRxMRZ8WWdGhhle0,2376
2377,ChIJj-uyFGToRxMRgXE0lyogRUI,2377
2378,ChIJD_qbQWToRxMRGOm1-wCv3RI,2378
2379,ChIJjy0Kp2boRxMRcJIJRkNF-XU,2379
2380,ChIJ71k2smboRxMR2ue3rwajtJ4,2380
2381,ChIJ-YuDMWHoRxMRpCjZm0Xl-bs,2381
2382,ChIJq0V3q2boRxMRtO5T8pW8pu8,2382
2383,ChIJyxqdSWLoRxMRh8uCBW25oLE,2383
2384,ChIJW9Y97WHoRxMRSUAEwxtS8PY,2384
2385,ChIJUbpOb2ToRxMRlKnP10wsxTo,2385
2386,ChIJ-_Fb_mPoRxMRGlJHStflLQ8,2386
2387,ChIJReeyRmToRxMRgiN2YsKVku0,2387
2388,ChIJ1aQHT2ToRxMR6KXEJT6lcXU,2388
2389,ChIJzVnyumPoRxMR24BhIug5cOY,2389
2390,ChIJLe7pcmToRxMREK_APA14qP4,2390
2391,ChIJg6HFL2LoRxMRa4DcadlMEmw,2391
2392,ChIJQ_ZZY_DpRxMReVXFBZwo1Dc,2392
2393,ChIJ0SiJ7WHoRxMRv5B29yBhrYY,2393
2394,ChIJM5rI9GHoRxMReIJF7JA6eAI,2394
2395,ChIJeTJ7N83pRxMRfSJhOSd6pPU,2395
2396,ChIJJ33CrGPoRxMR-bgsrGbKVFM,2396
2397,ChIJUT8A7wHpRxMRDErzcgJAiso,2397
2398,ChIJVURRKIPpRxMRk10bBrNtOKg,2398
2399,ChIJAecasWPoRxMRZQSdl7GODxw,2399
2400,ChIJ89QZwWHoRxMRRBygh6MOr-I,2400
2401,ChIJuVwiz2HoRxMRzDUlrMPD03k,2401
2402,ChIJJTVQKWDoRxMRDcwWse7GjD0,2402
2403,ChIJr3NRM2DoRxMRE_7C-82LIqY,2403
2404,ChIJ___Pt2HoRxMR0uTwXChxEyc,2404
2405,ChIJSfemM2DoRxMR_ynagubB2QI,2405
2406,ChIJ-bp-KmLoRxMR1idxSMG5PTw,2406
2407,ChIJme_2lvvpRxMRfJUL9cqrnNg,2407
2408,ChIJUwojpOXpRxMR56InmyEfMfQ,2408
2409,ChIJZ4cV35zpRxMRHCxX6h04wqA,2409
2410,ChIJJzRmZmHoRxMRiFpaLbSdhRo,2410
2411,ChIJx8iukgbpRxMRqFL8yHDpnck,2411
2412,ChIJzViUDWHoRxMRBSK4UPC43dU,2412
2413,ChIJG3kSrfjpRxMRoHllshWkyDE,2413
2414,ChIJjUf8QWHoRxMReAblHVRA4fA,2414
2415,ChIJBbNpKmLoRxMRI50nqv6UNdI,2415
2416,ChIJgVYcH7vpRxMRYxZzPverNOY,2416
2417,ChIJk6-KQWHoRxMRd8HpXJ6FtjI,2417
2418,ChIJG4WfQ2HoRxMRDF50_EXsY8c,2418
2419,ChIJ6Y34DufpRxMRPstLeV4fe0A,2419
2420,ChIJj_ATD2HoRxMR0TIDsaF2Q0c,2420
2421,ChIJ8cJxD2HoRxMRFC9_Pl5u0Bk,2421
2422,ChIJmfP3TDjpRxMRiEyyQ5nM3aY,2422
2423,ChIJwwWO8nDpRxMRw2IlMFpu5qQ,2423
2424,ChIJdVq1aHbpRxMR5RL-thZ5d1o,2424
2425,ChIJb4bH9y3pRxMR2HV0QGtMnM4,2425
2426,ChIJG3T6plnpRxMRJH1G3LVOVXo,2426
2427,ChIJ5_JTn2PoRxMRFjtdtxFxJmE,2427
2428,ChIJr5oTYifpRxMROjuV4ux6QV0,2428
2429,ChIJkTT2DGPoRxMRgC9Pi-_pmdM,2429
2430,ChIJbwnMhGPoRxMR5N6mKY3LOTE,2430
2431,ChIJndmzyyLpRxMRCx7S2cy2DHg,2431
2432,ChIJvdOVgGToRxMRpM6DzOOKxMQ,2432
2433,ChIJ1cFizY3pRxMRC9_J94BheK0,2433
2434,ChIJiaR7fmToRxMRNdnoxBowKT8,2434
2435,ChIJV1WRYmToRxMRjfBx0aDk2fk,2435
2436,ChIJi_-xf0DpRxMRhmwXYr7TTg8,2436
2437,ChIJWwbDN2HoRxMRk2jOM2c8FFU,2437
2438,ChIJEz7AN2HoRxMRS6NOesOcL14,2438
2439,ChIJBWLVAmHoRxMRdBKaYUYLseM,2439
2440,ChIJRcnw7pnpRxMRJTLq0xMGORE,2440
2441,ChIJcUyVLpTpRxMRf1wzLtvXxAg,2441
2442,ChIJy8qLMWHoRxMReKnMaGXKWE4,2442
2443,ChIJLaJ0-KPpRxMRIrGvBOZDl7w,2443
2444,ChIJhTPfzmDoRxMRYMNK0LO9g1Q,2444
2445,ChIJ281Eq2boRxMRVJyrdBu7_oo,2445
2446,ChIJ5Ze-_oHpRxMRl6rPg9xhRJY,2446
2447,ChIJRbjksWboRxMRkH10EAg2ikg,2447
2448,ChIJPbDc6wXpRxMRNIHVBYFCwdI,2448
2449,ChIJY_UDqWboRxMRt-anj5YSZNM,2449
2450,ChIJnyYldmToRxMRlEn58WF-YyU,2450
2451,ChIJb090CmToRxMRP3liDkNUnhw,2451
2452,ChIJKcBGAejpRxMRRHHxIVH9Mbc,2452
2453,ChIJ5QpN7rPpRxMRunJY4S8yAos,2453
2454,ChIJRYvZkCzpRxMR1QaZ4d9kI5U,2454
2455,ChIJe5mGcmToRxMRqhj9G9Z1cn0,2455
2456,ChIJSxhwD2ToRxMR2VC6y8fJO1c,2456
2457,ChIJPzzQIc7pRxMRGGM1U3-Y3J4,2457
2458,ChIJIwxbDmToRxMRHkF9rhHeZlw,2458
2459,ChIJxcvVD2ToRxMRNTA11XBm3nk,2459
2460,ChIJBck0lETpRxMRY-598JfynnQ,2460
2461,ChIJuZuID2ToRxMRbENplzT-Bbk,2461
2462,ChIJL6AIqGboRxMRU08CBjEwW_A,2462
2463,ChIJ76o_0VHoRxMR1YyTiHdyZXk,2463
2464,ChIJo_ZIpVvoRxMRHRjMHoL3njk,2464
2465,ChIJz388UkToRxMRS6taB6z4MHs,2465
2466,ChIJ_ehnx1voRxMRa5XY-xJ818o,2466
2467,ChIJW087V0PoRxMRhoQEcAziaJs,2467
2468,ChIJZbU5GlDoRxMRsWUNIF-toXQ,2468
2469,ChIJ9eO-AFDoRxMRcZriU5tx1R0,2469
2470,ChIJ4SL7gVroRxMRHlZZkszxFs0,2470
2471,ChIJ7UEDflDoRxMRReQneh5yopw,2471
2472,ChIJ_____1DoRxMRRxAntj7Q7HA,2472
2473,ChIJLf8GjVDoRxMRVvBn5gnUeP8,2473
2474,ChIJpXN1-czpRxMRuZgdJAMvZO4,2474
2475,ChIJ2RscflroRxMRIzfa_leXUsM,2475
2476,ChIJ4UQQjFroRxMR3PlcAZBLhhQ,2476
2477,ChIJ9R61xajpRxMRITfOarM_Zk8,2477
2478,ChIJ9dHUdt3pRxMRyzmgncBRH-Y,2478
2479,ChIJ0Y-3sFroRxMRDg9SB2cx0lI,2479
2480,ChIJVwR3VGbpRxMR94Mij88rWfQ,2480
2481,ChIJU-c3z1roRxMRle3lNeKO51Y,2481
2482,ChIJ9wtEW1roRxMREzab3nMSb70,2482
2483,ChIJE7bUJlvoRxMRd08Ncj8HsBg,2483
2484,ChIJeaALCzLpRxMR4bNKn1TNXIA,2484
2485,ChIJEW49_mPpRxMRMcp9kPmbZW4,2485
2486,ChIJn21CyFvoRxMRVHm8qiQljZo,2486
2487,ChIJ_fi2vFvoRxMRCGKUgGYTrPE,2487
2488,ChIJ_Qzn3IPpRxMRrmiRN5bmr7M,2488
2489,ChIJ_zSVDlvoRxMRhXF7PXixv8o,2489
2490,ChIJ9eEvC1voRxMR_yyjmut0jdY,2490
2491,ChIJZf-5dZjpRxMRFYdQ60bVCRA,2491
2492,ChIJacahNUToRxMRk3iSERActwE,2492
2493,ChIJM9GpmEzoRxMRxogHm2rew4Q,2493
2494,ChIJwRkvyNbpRxMR9wfUxxD40rU,2494
2495,ChIJmY_ps2foRxMR-bS7gHm9uqo,2495
2496,ChIJmeTDsELoRxMRl2z44HMVpSE,2496
2497,ChIJ16ns82foRxMRjW_dGIBbqmQ,2497
2498,ChIJmct6n0LoRxMRjQRLQw4om48,2498
2499,ChIJg7GQMWjoRxMRlCiU70TZgIc,2499
2500,ChIJmVebzmfoRxMRdosrvlroieI,2500
2501,ChIJJXarb0LoRxMRecQppLaV03s,2501
2502,ChIJS3gE52noRxMRf3MH_jwCuAo,2502
2503,ChIJneKDDGHoRxMRV3bc7vHHfbM,2503
2504,ChIJKeOs1mfoRxMRC4T-qRsvlmE,2504
2505,ChIJaazMu2foRxMRXyvfNW04UrE,2505
2506,ChIJp-uU62foRxMR6LLlfVNf7jk,2506
2507,ChIJx7rhsELoRxMRFZcdnsKSyK4,2507
2508,ChIJw1GyjGfoRxMR-Uh5NPnCbcc,2508
2509,ChIJDTmDRV3oRxMRGWSqcc8qDbE,2509
2510,ChIJQVeMCV3oRxMRW6oDXpvMv2E,2510
2511,ChIJp8wws0LoRxMRK0wftWPIFuQ,2511
2512,ChIJk_3O-nDpRxMR0mOI91DsW5s,2512
2513,ChIJEZqih2foRxMRnxpTmp_teyw,2513
2514,ChIJ_wqLFb_pRxMRqmRne0As5hs,2514
2515,ChIJi3GIjGfoRxMRi0i6JsAT5ro,2515
2516,ChIJoXq7yF3oRxMRkCeh_2vcOKg,2516
2517,ChIJWSw7vlzoRxMRPqdkrD3isw4,2517
2518,ChIJm2sPkqHpRxMRt-ALMFMyunk,2518
2519,ChIJJVmS3FjoRxMRr_1BvIFUuHA,2519
2520,ChIJRV6X_bnpRxMRkIAoyfD37ig,2520
2521,ChIJ4WsOeW7pRxMRGoxTVjc_feU,2521
2522,ChIJs6mrgmfoRxMRYIuzJbJT0jI,2522
2523,ChIJoabyEmfoRxMRMgug183DZO0,2523
2524,ChIJvbG6gKjpRxMRtSWvIw7ZDl0,2524
2525,ChIJxRoRlcrpRxMRih54g0Kn4hM,2525
2526,ChIJ2UR4rGfoRxMR2nNeZEQGpz8,2526
2527,ChIJjXKTyGfoRxMRrSh4v5CsRHQ,2527
2528,ChIJZX6nyWfoRxMRD9kvvr5eSiU,2528
2529,ChIJG_CVNO3pRxMR1KhhgLQHQtY,2529
2530,ChIJT16dSxDpRxMRl6WZ7ieJ00s,2530
2531,ChIJezWTxGfoRxMR11_T1cx0_F8,2531
2532,ChIJlQqah0ToRxMRthuChhQnYsk,2532
2533,ChIJgdtObmjoRxMRY7fHzCz_hc8,2533
2534,ChIJi3RHEjXpRxMRruzj9SexBfE,2534
2535,ChIJNacDaqHpRxMR-M5Aj15Y7lQ,2535
2536,ChIJ1aKHbyXpRxMRfKW4uibdJyM,2536
2537,ChIJ6bh0f2joRxMRKumsR2mTaNA,2537
2538,ChIJhTBipaPpRxMR5PyqiHx8b70,2538
2539,ChIJfRjF0WfoRxMR6DoxS74NXmA,2539
2540,ChIJPXHi02foRxMR-AjBsirl-ww,2540
2541,ChIJddAJD9LpRxMRkOcrrr7ywGI,2541
2542,ChIJ0ayqGvTpRxMRLImpyx7FX0Q,2542
2543,ChIJ68IMuGnoRxMRqgSTEM4A8AQ,2543
2544,ChIJHSRB_5XpRxMRlb5qhlDtqBQ,2544
2545,ChIJ3RmWlAjpRxMRyqPMH1aVpvk,2545
2546,ChIJu5tJSGboRxMRWXRHzmRzkZI,2546
2547,ChIJ-cfIbC3pRxMRchJdRGKq6ew,2547
2548,ChIJXTFQTuzpRxMRlxmrHt2cFGQ,2548
2549,ChIJZa4qZWboRxMR2HhhDFsZRMQ,2549
2550,ChIJH991DmToRxMRxhhVB7X55Kw,2550
2551,ChIJP1rTj__pRxMRwn0ZXfBMBG4,2551
2552,ChIJg3NXT2ToRxMRpaKRcfULCwc,2552
2553,ChIJS70jRmToRxMRQapKzn4cA-o,2553
2554,ChIJ3-3xamToRxMRY2S6CuD-CiQ,2554
2555,ChIJO4k7RGToRxMRisgk8QSUj4A,2555
2556,ChIJUzHtRpjpRxMR_iHAqseGRtQ,2556
2557,ChIJqQ8va2ToRxMRUmHzL9eSz6s,2557
2558,ChIJ-SEWZmToRxMRlwwM22YjCjQ,2558
2559,ChIJAeIRZmToRxMRBb49DUck82Y,2559
2560,ChIJvT6ZJd7pRxMR1bVSa0IHUzY,2560
2561,ChIJbS-BECbpRxMRbUcKfolejIc,2561
2562,ChIJ31TYHWToRxMR7K9BCvuCbeo,2562
2563,ChIJ5adMAmToRxMRuQbyIGktkYA,2563
2564,ChIJ3bG4fGboRxMRMxurQhuuUPU,2564
2565,ChIJZ-y3GmToRxMR5QjZ-JCy00c,2565
2566,ChIJURxtEGToRxMRwcikSpNZOW4,2566
2567,ChIJ6SPI82boRxMRynHFB2Ov2v8,2567
2568,ChIJO448G-TpRxMR-THszqZw138,2568
2569,ChIJyWL5DWToRxMR5nkBXjF2mH4,2569
2570,ChIJ53ehQDjoRxMRShwQD2t0C_E,2570
2571,ChIJb32XuuvpRxMRq7gxhOoGduQ,2571
2572,ChIJKVyDRTjoRxMRENTwj20uZK8,2572
2573,ChIJpa3SpmzpRxMR-1xialCsyMs,2573
2574,ChIJ2zFSRWPpRxMRrQh9iqtVHSU,2574
2575,ChIJzahCZUHoRxMRL9gMC1Foauw,2575
2576,ChIJv0X8k0HoRxMRlc6s8a8k6MI,2576
2577,ChIJy7Jilj_oRxMR9DAHzp0fjVU,2577
2578,ChIJi0_5x0HoRxMRt9T_j5IqKbE,2578
2579,ChIJvX6pfz_oRxMRAeN6Fcq-BC8,2579
2580,ChIJj8kP7kHoRxMRhNWDNyzLalk,2580
2581,ChIJH8OgFUDoRxMRWHx-3HVV_M0,2581
2582,ChIJPwBQ45XpRxMRZeoNB6SD7Xc,2582
2583,ChIJaVZEu8zpRxMRcDJYtJhSL6M,2583
2584,ChIJKW4kdz_oRxMRM1dA7AilzLc,2584
2585,ChIJnXpl3rXpRxMRRdxz09wEe7U,2585
2586,ChIJo8Fi6j7oRxMREF4Tr_GRmjo,2586
2587,ChIJQQoIq3nDRxMRUM5LzGQVnBk,2587
2588,ChIJ05jgWRDpRxMRn834uTgvvGc,2588
2589,ChIJsz70NjPpRxMRtVfOkykFte0,2589
2590,ChIJCXzB2T3oRxMRxxDAvsF-Lgo,2590
2591,ChIJe0-3Wj7oRxMR3PYGP4m4uSw,2591
2592,ChIJ3RU7RT7oRxMREBR4b4kxA1c,2592
2593,ChIJ8W0srI7pRxMRifOCVLwuzjg,2593
